no,category,title,author,date,views,url,page
252,일반자료,2026년 창업진흥원 기관 영문 홍보물,홍보팀,2026/04/17,238,https://www.kised.or.kr/board.es?mid=a10309000000&bid=0008&act=view&list_no=4467&tag=&nPage=1,1
251,일반자료,2026년 창업진흥원 기관 홍보물,홍보팀,2026/04/17,361,https://www.kised.or.kr/board.es?mid=a10309000000&bid=0008&act=view&list_no=4466&tag=&nPage=1,1
250,창업 연구자료,[2025년 창업진흥원 연구용역 결과보고서] 2025년 1인 창조기업 실태조사,이혜빈,2026/04/07,432,https://www.kised.or.kr/board.es?mid=a10309000000&bid=0008&act=view&list_no=4457&tag=&nPage=1,1
249,창업 통계자료,[2025년 창업진흥원 연구용역 결과보고서] 2025년 창업지원기업 이력·성과 조사,데이터분석팀,2026/01/20,750,https://www.kised.or.kr/board.es?mid=a10309000000&bid=0008&act=view&list_no=4371&tag=&nPage=1,1
248,창업 통계자료,[2025년 창업진흥원 연구용역 결과보고서] 2025년 창업기업실태조사,데이터분석팀,2026/01/20,"1,131",https://www.kised.or.kr/board.es?mid=a10309000000&bid=0008&act=view&list_no=4370&tag=&nPage=1,1
247,일반자료,(데이터 개방) AI 친화·고가치 데이터_1인 창업기업 특성별 업력 상세정보,디지털전환팀,2025/10/30,"1,080",https://www.kised.or.kr/board.es?mid=a10309000000&bid=0008&act=view&list_no=4315&tag=&nPage=1,1
246,일반자료,"2024년, 2025년 초격차 스타트업 1000+ 프로젝트 창업기업 디렉토리북",딥테크육성팀,2025/10/21,"3,989",https://www.kised.or.kr/board.es?mid=a10309000000&bid=0008&act=view&list_no=4303&tag=&nPage=1,1
245,창업 연구자료,[2024년 창업진흥원 연구용역 결과보고서] 재창업 지원기업 실태조사(2024),리챌린지팀,2025/09/24,"1,297",https://www.kised.or.kr/board.es?mid=a10309000000&bid=0008&act=view&list_no=4285&tag=&nPage=1,1
244,일반자료,"2025년 창업진흥원 기관 영문 홍보물(브로슈어, 리플렛)",대외협력팀,2025/07/23,730,https://www.kised.or.kr/board.es?mid=a10309000000&bid=0008&act=view&list_no=4228&tag=&nPage=1,1
243,일반자료,"2025년 창업진흥원 기관 홍보물(브로슈어, 리플렛)",대외협력팀,2025/07/23,"1,124",https://www.kised.or.kr/board.es?mid=a10309000000&bid=0008&act=view&list_no=4227&tag=&nPage=1,1
242,창업 연구자료,[2024년 창업진흥원 연구용역 결과보고서] 1인 창조기업 육성에 관한 법률 개정 검토 연구용역,지역허브팀,2024/12/03,624,https://www.kised.or.kr/board.es?mid=a10309000000&bid=0008&act=view&list_no=4108&tag=&nPage=2,2
241,창업 연구자료,[2024년 창업진흥원 연구용역 결과보고서] 2024년 1인 창조기업 실태조사,지역허브팀,2025/02/28,"2,722",https://www.kised.or.kr/board.es?mid=a10309000000&bid=0008&act=view&list_no=4107&tag=&nPage=2,2
240,창업 연구자료,지역기반 스타트업 클러스터 조성전략 수립 연구용역,지역창업실,2024/04/23,694,https://www.kised.or.kr/board.es?mid=a10309000000&bid=0008&act=view&list_no=4077&tag=&nPage=2,2
239,창업 연구자료,창업지원 3개년('24~'26) 계획 수립방안,창업규제정책실,2024/06/30,"1,330",https://www.kised.or.kr/board.es?mid=a10309000000&bid=0008&act=view&list_no=4075&tag=&nPage=2,2
238,일반자료,[주샌프란시스코총영사관] 스타트업 실리콘밸리 진출 가이드북,대외협력팀,2025/02/14,"2,440",https://www.kised.or.kr/board.es?mid=a10309000000&bid=0008&act=view&list_no=4032&tag=&nPage=2,2
237,창업 연구자료,[2024년 창업진흥원 연구용역 결과보고서] 2024년 창업기업실태조사,정책개발팀,2025/01/15,"8,200",https://www.kised.or.kr/board.es?mid=a10309000000&bid=0008&act=view&list_no=4017&tag=&nPage=2,2
236,창업 연구자료,[2024년 창업진흥원 연구용역 결과보고서] 2024년 창업지원기업 이력·성과 조사,정책개발팀,2025/01/15,"2,479",https://www.kised.or.kr/board.es?mid=a10309000000&bid=0008&act=view&list_no=4016&tag=&nPage=2,2
235,창업 연구자료,[2024년 창업진흥원 연구용역 결과보고서] 2024년 대학 창업인프라 실태조사,정책개발팀,2025/01/07,"2,474",https://www.kised.or.kr/board.es?mid=a10309000000&bid=0008&act=view&list_no=4008&tag=&nPage=2,2
234,창업 연구자료,[2024년 창업진흥원 연구용역 결과보고서] 글로벌 기업가정신 연구(GEM) 2023-2024,정책개발팀,2024/12/09,"1,636",https://www.kised.or.kr/board.es?mid=a10309000000&bid=0008&act=view&list_no=3998&tag=&nPage=2,2
233,창업 연구자료,[2023년 창업진흥원 연구용역 결과보고서] 주요 창업·벤처 정책이슈 실태조사,창업규제정책실,2024/09/19,"1,547",https://www.kised.or.kr/board.es?mid=a10309000000&bid=0008&act=view&list_no=3920&tag=&nPage=2,2
232,창업 연구자료,중장년 기술창업센터 평가지표 개발 및 만족도 평가 연구용역,지역창업실,2024/03/25,560,https://www.kised.or.kr/board.es?mid=a10309000000&bid=0008&act=view&list_no=4072&tag=&nPage=3,3
231,창업 연구자료,[2023년 창업진흥원 연구용역 결과보고서] 대학 창업인프라 실태조사,창업규제정책실,2024/03/14,"1,678",https://www.kised.or.kr/board.es?mid=a10309000000&bid=0008&act=view&list_no=3921&tag=&nPage=3,3
230,창업 통계자료,[2023년 창업진흥원 연구용역 결과보고서] 2023년 1인 창조기업 실태조사 결과보고서,지역창업실,2024/03/28,"3,533",https://www.kised.or.kr/board.es?mid=a10309000000&bid=0008&act=view&list_no=3820&tag=&nPage=3,3
229,창업 연구자료,[2023년 창업진흥원 연구용역 결과보고서] 아기유니콘 등 혁신기업의 경영권 안정화를 위한 복수의결권 현장 가이드 개발 용역,민관협력창업실,2024/03/14,"1,346",https://www.kised.or.kr/board.es?mid=a10309000000&bid=0008&act=view&list_no=3662&tag=&nPage=3,3
228,창업 연구자료,[2023년 창업진흥원 연구용역 결과보고서] 디지털 스타트업 생태계 조성을 위한 플랫폼 구축 방안,창업규제정책실,2024/03/14,"1,792",https://www.kised.or.kr/board.es?mid=a10309000000&bid=0008&act=view&list_no=3660&tag=&nPage=3,3
227,창업 연구자료,[2023년 창업진흥원 연구용역 결과보고서] 창업규제 관리체계 구축 방안,창업규제정책실,2024/03/14,"1,180",https://www.kised.or.kr/board.es?mid=a10309000000&bid=0008&act=view&list_no=3659&tag=&nPage=3,3
226,창업 연구자료,[2022년 창업진흥원 연구용역 결과보고서] 2022년 창업에듀 고도화 방안 연구용역,창업교육실,2024/03/14,"1,570",https://www.kised.or.kr/board.es?mid=a10309000000&bid=0008&act=view&list_no=3658&tag=&nPage=3,3
225,창업 연구자료,[2022년 창업진흥원 연구용역 결과보고서] 저탄소·친환경 그린스타트업타운 조성 컨설팅,지역창업실,2024/03/14,"1,041",https://www.kised.or.kr/board.es?mid=a10309000000&bid=0008&act=view&list_no=3657&tag=&nPage=3,3
224,창업 연구자료,[2022년 창업진흥원 연구용역 결과보고서] 민관협력 오픈이노베이션 지원사업 중장기 운영 로드맵 수립,민관협력창업실,2024/03/14,"1,130",https://www.kised.or.kr/board.es?mid=a10309000000&bid=0008&act=view&list_no=3656&tag=&nPage=3,3
223,창업 연구자료,[2022년 창업진흥원 연구용역 결과보고서] 스타트업 글로벌 진출 관련 규제애로 현황 및 개선방안,창업규제정책실,2024/03/14,"1,454",https://www.kised.or.kr/board.es?mid=a10309000000&bid=0008&act=view&list_no=3654&tag=&nPage=3,3
222,창업 연구자료,[2022년 창업진흥원 연구용역 결과보고서] 헬스케어 빅데이터 플랫폼 기반 AI 스타트업 육성 사업 타당성 분석,창업규제정책실,2024/03/14,"1,144",https://www.kised.or.kr/board.es?mid=a10309000000&bid=0008&act=view&list_no=3653&tag=&nPage=4,4
221,창업 연구자료,[2022년 창업진흥원 연구용역 결과보고서] 1인 창조기업 네트워킹 플랫폼 기획 연구용역,지역창업실,2024/03/14,965,https://www.kised.or.kr/board.es?mid=a10309000000&bid=0008&act=view&list_no=3652&tag=&nPage=4,4
220,창업 연구자료,[2022년 창업진흥원 연구용역 결과보고서] 비대면 서비스 바우처 사업 성과조사,재도전창업실,2024/03/14,809,https://www.kised.or.kr/board.es?mid=a10309000000&bid=0008&act=view&list_no=3651&tag=&nPage=4,4
219,창업 연구자료,[2022년 창업진흥원 연구용역 결과보고서] 2022년 혁신창업스쿨 추적조사 및 만족도 조사,창업교육실,2024/03/14,510,https://www.kised.or.kr/board.es?mid=a10309000000&bid=0008&act=view&list_no=3650&tag=&nPage=4,4
218,창업 연구자료,[2022년 창업진흥원 연구용역 결과보고서] 창업규제 발굴·개선을 위한 창업규제트리 개발 연구,창업규제정책실,2024/03/14,600,https://www.kised.or.kr/board.es?mid=a10309000000&bid=0008&act=view&list_no=3649&tag=&nPage=4,4
217,창업 연구자료,[2022년 창업진흥원 연구용역 결과보고서] 주요 창업·벤처 정책이슈 실태조사,창업규제정책실,2024/03/14,684,https://www.kised.or.kr/board.es?mid=a10309000000&bid=0008&act=view&list_no=3648&tag=&nPage=4,4
216,창업 연구자료,[2022년 창업진흥원 연구용역 결과보고서] 재창업 지원기업 실태조사,창업규제정책실,2024/03/14,716,https://www.kised.or.kr/board.es?mid=a10309000000&bid=0008&act=view&list_no=3647&tag=&nPage=4,4
215,창업 연구자료,[2022년 창업진흥원 연구용역 결과보고서] 창업지원기업 이력·성과 조사,창업규제정책실,2024/03/14,841,https://www.kised.or.kr/board.es?mid=a10309000000&bid=0008&act=view&list_no=3646&tag=&nPage=4,4
214,창업 연구자료,[2022년 창업진흥원 연구용역 결과보고서] 해외 창업규제 네거티브 정책 현황조사,창업규제정책실,2024/03/14,437,https://www.kised.or.kr/board.es?mid=a10309000000&bid=0008&act=view&list_no=3644&tag=&nPage=4,4
213,창업 연구자료,[2022년 창업진흥원 연구용역 결과보고서] CES 2022 혁신상 수상 국내 벤처창업기업 규제발굴,창업규제정책실,2024/03/14,504,https://www.kised.or.kr/board.es?mid=a10309000000&bid=0008&act=view&list_no=3643&tag=&nPage=4,4
212,창업 연구자료,[2022년 창업진흥원 연구용역 결과보고서] 혁신창업성장 규제발굴,창업규제정책실,2024/03/14,513,https://www.kised.or.kr/board.es?mid=a10309000000&bid=0008&act=view&list_no=3642&tag=&nPage=5,5
211,창업 연구자료,[2022년 창업진흥원 연구용역 결과보고서] 주요 선진국의 창업·벤처통계 비교분석,창업규제정책실,2024/03/14,663,https://www.kised.or.kr/board.es?mid=a10309000000&bid=0008&act=view&list_no=3641&tag=&nPage=5,5
210,창업 연구자료,[2022년 창업진흥원 연구용역 결과보고서] 글로벌 기업가정신 연구(GEM Korea),창업규제정책실,2024/03/14,723,https://www.kised.or.kr/board.es?mid=a10309000000&bid=0008&act=view&list_no=3640&tag=&nPage=5,5
209,창업 연구자료,[2022년 창업진흥원 연구용역 결과보고서] 대학 창업인프라 실태조사,창업규제정책실,2024/03/14,546,https://www.kised.or.kr/board.es?mid=a10309000000&bid=0008&act=view&list_no=3639&tag=&nPage=5,5
208,창업 연구자료,[2022년 창업진흥원 연구용역 결과보고서] 국내 글로벌 창업생태계 활성화 방안,글로벌창업협력실,2024/03/14,645,https://www.kised.or.kr/board.es?mid=a10309000000&bid=0008&act=view&list_no=3638&tag=&nPage=5,5
207,창업 연구자료,[2021년 창업진흥원 연구용역 결과보고서] 글로벌 액셀러레이팅 프로그램 창업기업 이력성과 전수조사,글로벌창업협력실,2024/03/14,606,https://www.kised.or.kr/board.es?mid=a10309000000&bid=0008&act=view&list_no=3637&tag=&nPage=5,5
206,창업 연구자료,[2021년 창업진흥원 연구용역 결과보고서] 비대면 서비스 바우처 사업개편 방안 연구용역,재도전창업실,2024/03/14,513,https://www.kised.or.kr/board.es?mid=a10309000000&bid=0008&act=view&list_no=3636&tag=&nPage=5,5
205,창업 연구자료,[2021년 창업진흥원 연구용역 결과보고서] 20년 비대면 바우처 수요기업 실태조사 용역,재도전창업실,2024/03/14,347,https://www.kised.or.kr/board.es?mid=a10309000000&bid=0008&act=view&list_no=3635&tag=&nPage=5,5
204,창업 연구자료,[2021년 창업진흥원 연구용역 결과보고서] 비대면 기업 성장애로 실태조사,재도전창업실,2024/03/14,378,https://www.kised.or.kr/board.es?mid=a10309000000&bid=0008&act=view&list_no=3634&tag=&nPage=5,5
203,창업 연구자료,[2021년 창업진흥원 연구용역 결과보고서] 비대면 플랫폼 고도화 컨설팅(ISP),재도전창업실,2024/03/14,683,https://www.kised.or.kr/board.es?mid=a10309000000&bid=0008&act=view&list_no=3633&tag=&nPage=5,5
202,창업 연구자료,[2021년 창업진흥원 연구용역 결과보고서] 재창업 지원기업 실태조사,재도전창업실,2024/03/14,531,https://www.kised.or.kr/board.es?mid=a10309000000&bid=0008&act=view&list_no=3632&tag=&nPage=6,6
201,창업 연구자료,[2021년 창업진흥원 연구용역 결과보고서] 컴업 중장기 로드맵 수립,글로벌창업협력실,2024/03/14,525,https://www.kised.or.kr/board.es?mid=a10309000000&bid=0008&act=view&list_no=3631&tag=&nPage=6,6
200,창업 연구자료,[2021년 창업진흥원 연구용역 결과보고서] 국내외 컨퍼런스 개최 현황 조사,글로벌창업협력실,2024/03/14,373,https://www.kised.or.kr/board.es?mid=a10309000000&bid=0008&act=view&list_no=3630&tag=&nPage=6,6
199,창업 연구자료,[2021년 창업진흥원 연구용역 결과보고서] 청소년 기업가정신 확산을 위한 온라인 교육과정 개발,창업교육실,2024/03/14,452,https://www.kised.or.kr/board.es?mid=a10309000000&bid=0008&act=view&list_no=3629&tag=&nPage=6,6
198,창업 연구자료,[2021년 창업진흥원 연구용역 결과보고서] 창업에듀 현황조사,창업교육실,2024/03/14,419,https://www.kised.or.kr/board.es?mid=a10309000000&bid=0008&act=view&list_no=3628&tag=&nPage=6,6
197,창업 연구자료,[2021년 창업진흥원 연구용역 결과보고서] 실전창업교육 고도화방안,창업교육실,2024/03/14,627,https://www.kised.or.kr/board.es?mid=a10309000000&bid=0008&act=view&list_no=3627&tag=&nPage=6,6
196,창업 연구자료,[2021년 창업진흥원 연구용역 결과보고서] 실전창업교육 실태조사,창업교육실,2024/03/14,625,https://www.kised.or.kr/board.es?mid=a10309000000&bid=0008&act=view&list_no=3626&tag=&nPage=6,6
195,창업 연구자료,[2021년 창업진흥원 연구용역 결과보고서] 실전창업교육 린스타트업 교육생 성과조사 및 우수사례발굴,창업교육실,2024/03/14,968,https://www.kised.or.kr/board.es?mid=a10309000000&bid=0008&act=view&list_no=3625&tag=&nPage=6,6
194,창업 연구자료,[2021년 창업진흥원 연구용역 결과보고서] 창업기업 확인 절차 개선방안 연구,디지털정보실,2024/03/14,394,https://www.kised.or.kr/board.es?mid=a10309000000&bid=0008&act=view&list_no=3624&tag=&nPage=6,6
193,창업 연구자료,[2021년 창업진흥원 연구용역 결과보고서] 판교창업존 정책과제 발굴 및 운영비전 수립,지역창업실,2024/03/14,313,https://www.kised.or.kr/board.es?mid=a10309000000&bid=0008&act=view&list_no=3623&tag=&nPage=6,6
192,창업 연구자료,[2021년 창업진흥원 연구용역 결과보고서] 중장년 지원정책 고도화 관련 현황조사,지역창업실,2024/03/14,469,https://www.kised.or.kr/board.es?mid=a10309000000&bid=0008&act=view&list_no=3622&tag=&nPage=7,7
191,창업 연구자료,[2021년 창업진흥원 연구용역 결과보고서] 1인 창조기업 업종개편 연구용역,지역창업실,2024/03/14,342,https://www.kised.or.kr/board.es?mid=a10309000000&bid=0008&act=view&list_no=3621&tag=&nPage=7,7
190,창업 연구자료,[2021년 창업진흥원 연구용역 결과보고서] 1인 창조기업 유사정책 국내외 사례검토,지역창업실,2024/03/14,457,https://www.kised.or.kr/board.es?mid=a10309000000&bid=0008&act=view&list_no=3620&tag=&nPage=7,7
189,창업 연구자료,[2021년 창업진흥원 연구용역 결과보고서] 창업기업지원서비스 바우처 성과조사 및 개선방안 발굴 연구용역,지역창업실,2024/03/14,375,https://www.kised.or.kr/board.es?mid=a10309000000&bid=0008&act=view&list_no=3619&tag=&nPage=7,7
188,창업 연구자료,[2021년 창업진흥원 연구용역 결과보고서] ’21년 1인 창조기업 활성화 방안,지역창업실,2024/03/14,507,https://www.kised.or.kr/board.es?mid=a10309000000&bid=0008&act=view&list_no=3618&tag=&nPage=7,7
187,창업 연구자료,[2021년 창업진흥원 연구용역 결과보고서] 중장년 창업 활성화 전략 도출을 위한 방안,지역창업실,2024/03/14,542,https://www.kised.or.kr/board.es?mid=a10309000000&bid=0008&act=view&list_no=3617&tag=&nPage=7,7
186,창업 연구자료,[2021년 창업진흥원 연구용역 결과보고서] 국내 스타트업 지속성장 생태계 조성방안,창업규제정책실,2024/03/14,514,https://www.kised.or.kr/board.es?mid=a10309000000&bid=0008&act=view&list_no=3616&tag=&nPage=7,7
185,창업 연구자료,[2021년 창업진흥원 연구용역 결과보고서] 창업지원사업 운영체계 및 지원방식 개선 방안,창업규제정책실,2024/03/14,"1,064",https://www.kised.or.kr/board.es?mid=a10309000000&bid=0008&act=view&list_no=3615&tag=&nPage=7,7
184,창업 연구자료,[2021년 창업진흥원 연구용역 결과보고서] 중소기업상담회사 제도 개선방안 연구,창업규제정책실,2024/03/14,457,https://www.kised.or.kr/board.es?mid=a10309000000&bid=0008&act=view&list_no=3614&tag=&nPage=7,7
183,창업 연구자료,[2021년 창업진흥원 연구용역 결과보고서] 창업·벤처 정책이슈 실태조사,창업규제정책실,2024/03/14,445,https://www.kised.or.kr/board.es?mid=a10309000000&bid=0008&act=view&list_no=3613&tag=&nPage=7,7
182,창업 연구자료,[2021년 창업진흥원 연구용역 결과보고서] 창업활력지표 발굴 및 측정에 관한 연구,창업규제정책실,2024/03/14,406,https://www.kised.or.kr/board.es?mid=a10309000000&bid=0008&act=view&list_no=3612&tag=&nPage=8,8
181,창업 연구자료,[2021년 창업진흥원 연구용역 결과보고서] 창업기업 부담금 면제 현황 및 효과 분석,창업규제정책실,2024/03/14,364,https://www.kised.or.kr/board.es?mid=a10309000000&bid=0008&act=view&list_no=3611&tag=&nPage=8,8
180,창업 연구자료,[2021년 창업진흥원 연구용역 결과보고서] 국내외 주요 스타트업 비즈니스모델 규제 현황 조사,창업규제정책실,2024/03/14,479,https://www.kised.or.kr/board.es?mid=a10309000000&bid=0008&act=view&list_no=3610&tag=&nPage=8,8
179,창업 연구자료,[2021년 창업진흥원 연구용역 결과보고서] 실험실공장 활성화 방안 연구,창업규제정책실,2024/03/14,438,https://www.kised.or.kr/board.es?mid=a10309000000&bid=0008&act=view&list_no=3609&tag=&nPage=8,8
178,창업 연구자료,[2021년 창업진흥원 연구용역 결과보고서] 국내외 대학 창업교육 인프라 심층연구,창업규제정책실,2024/03/14,"1,059",https://www.kised.or.kr/board.es?mid=a10309000000&bid=0008&act=view&list_no=3608&tag=&nPage=8,8
177,창업 연구자료,[2021년 창업진흥원 연구용역 결과보고서] 창업지원기업 이력·성과 조사,창업규제정책실,2024/03/14,398,https://www.kised.or.kr/board.es?mid=a10309000000&bid=0008&act=view&list_no=3607&tag=&nPage=8,8
176,창업 연구자료,[2021년 창업진흥원 연구용역 결과보고서] K-스타트업 창업지원 빅데이터 플랫폼 구축 방안,창업규제정책실,2024/03/14,514,https://www.kised.or.kr/board.es?mid=a10309000000&bid=0008&act=view&list_no=3606&tag=&nPage=8,8
175,창업 연구자료,[2021년 창업진흥원 연구용역 결과보고서] 창업지원사업 성과평가방안(창업사업영향평가) 개발 연구,창업규제정책실,2024/03/14,"2,238",https://www.kised.or.kr/board.es?mid=a10309000000&bid=0008&act=view&list_no=3605&tag=&nPage=8,8
174,창업 연구자료,[2021년 창업진흥원 연구용역 결과보고서] 중소기업창업 지원법 전부개정에 따른 하위법령 마련 연구,창업규제정책실,2024/03/14,381,https://www.kised.or.kr/board.es?mid=a10309000000&bid=0008&act=view&list_no=3604&tag=&nPage=8,8
173,창업 연구자료,[2021년 창업진흥원 연구용역 결과보고서] 주요 선진국의 창업·벤처통계 비교분석,창업규제정책실,2024/03/14,348,https://www.kised.or.kr/board.es?mid=a10309000000&bid=0008&act=view&list_no=3603&tag=&nPage=8,8
172,창업 연구자료,[2021년 창업진흥원 연구용역 결과보고서] 글로벌 기업가정신 연구(GEM Korea),창업규제정책실,2024/03/14,384,https://www.kised.or.kr/board.es?mid=a10309000000&bid=0008&act=view&list_no=3602&tag=&nPage=9,9
171,창업 연구자료,[2021년 창업진흥원 연구용역 결과보고서] 대학 창업인프라 실태조사,창업규제정책실,2024/03/14,408,https://www.kised.or.kr/board.es?mid=a10309000000&bid=0008&act=view&list_no=3601&tag=&nPage=9,9
170,창업 연구자료,[2020년 창업진흥원 연구용역 결과보고서] 서울 스타트업 생태계 혁신활동 조사,창업규제정책실,2024/03/14,487,https://www.kised.or.kr/board.es?mid=a10309000000&bid=0008&act=view&list_no=3600&tag=&nPage=9,9
169,창업 연구자료,[2020년 창업진흥원 연구용역 결과보고서] 창업의 지역경제 활성화에 미치는 영향 분석 및 정책방안 연구,창업규제정책실,2024/03/14,437,https://www.kised.or.kr/board.es?mid=a10309000000&bid=0008&act=view&list_no=3599&tag=&nPage=9,9
168,창업 연구자료,[2020년 창업진흥원 연구용역 결과보고서] 창업교육 정책방향 도출 연구용역,창업교육실,2024/03/14,932,https://www.kised.or.kr/board.es?mid=a10309000000&bid=0008&act=view&list_no=3598&tag=&nPage=9,9
167,창업 연구자료,[2020년 창업진흥원 연구용역 결과보고서] 1인창조기업 육성 3개년('21년~23년) 계획수립 연구용역,지역창업실,2024/03/14,575,https://www.kised.or.kr/board.es?mid=a10309000000&bid=0008&act=view&list_no=3597&tag=&nPage=9,9
166,창업 연구자료,[2020년 창업진흥원 연구용역 결과보고서] 신산업 분야 제조창업 활성화 방안,창업규제정책실,2024/03/14,"1,106",https://www.kised.or.kr/board.es?mid=a10309000000&bid=0008&act=view&list_no=3596&tag=&nPage=9,9
165,창업 연구자료,[2020년 창업진흥원 연구용역 결과보고서] 로컬크리에이터 활성화 지원 방안 마련,창업규제정책실,2024/03/14,815,https://www.kised.or.kr/board.es?mid=a10309000000&bid=0008&act=view&list_no=3595&tag=&nPage=9,9
164,창업 연구자료,[2020년 창업진흥원 연구용역 결과보고서] K-STARTUP 통합관 참가지원 시장조사,글로벌창업협력실,2024/03/14,372,https://www.kised.or.kr/board.es?mid=a10309000000&bid=0008&act=view&list_no=3594&tag=&nPage=9,9
163,창업 연구자료,[2020년 창업진흥원 연구용역 결과보고서] 스타트업 경기동향지수 개발 연구,창업규제정책실,2024/03/14,413,https://www.kised.or.kr/board.es?mid=a10309000000&bid=0008&act=view&list_no=3593&tag=&nPage=9,9
162,창업 연구자료,[2020년 창업진흥원 연구용역 결과보고서] 창업지원 3개년(21~23)계획 수립방안,창업규제정책실,2024/03/14,371,https://www.kised.or.kr/board.es?mid=a10309000000&bid=0008&act=view&list_no=3592&tag=&nPage=10,10
161,창업 연구자료,[2020년 창업진흥원 연구용역 결과보고서] 신산업 창업 활성화를 위한 규제개선 연구,창업규제정책실,2024/03/14,364,https://www.kised.or.kr/board.es?mid=a10309000000&bid=0008&act=view&list_no=3591&tag=&nPage=10,10
160,창업 연구자료,[2020년 창업진흥원 연구용역 결과보고서] 2020년 창업에듀 실태조사 및 중장기로드맵 수립 연구용역,창업교육실,2024/03/14,345,https://www.kised.or.kr/board.es?mid=a10309000000&bid=0008&act=view&list_no=3590&tag=&nPage=10,10
159,창업 연구자료,[2020년 창업진흥원 연구용역 결과보고서] 1인 가구 시대의 비대면 경제 활성화 방안,재도전창업실,2024/03/14,403,https://www.kised.or.kr/board.es?mid=a10309000000&bid=0008&act=view&list_no=3589&tag=&nPage=10,10
158,창업 연구자료,[2020년 창업진흥원 연구용역 결과보고서] 비대면 경제 개념 및 범위에 관한 연구,재도전창업실,2024/03/14,344,https://www.kised.or.kr/board.es?mid=a10309000000&bid=0008&act=view&list_no=3588&tag=&nPage=10,10
157,창업 연구자료,[2020년 창업진흥원 연구용역 결과보고서] 2020년 인권영향평가 용역,감사실,2024/03/14,324,https://www.kised.or.kr/board.es?mid=a10309000000&bid=0008&act=view&list_no=3587&tag=&nPage=10,10
156,창업 연구자료,[2020년 창업진흥원 연구용역 결과보고서] 경영평가 주요사업 계량지표 개선 연구용역,ESG혁신실,2024/03/14,414,https://www.kised.or.kr/board.es?mid=a10309000000&bid=0008&act=view&list_no=3586&tag=&nPage=10,10
155,창업 연구자료,[2020년 창업진흥원 연구용역 결과보고서] 창업기업의 생존율 및 고용창출 효과 분석,창업규제정책실,2024/03/14,672,https://www.kised.or.kr/board.es?mid=a10309000000&bid=0008&act=view&list_no=3585&tag=&nPage=10,10
154,창업 연구자료,[2020년 창업진흥원 연구용역 결과보고서] 중소·스타트업-중견기업 상생 네트워크형 생태계 구축방안 연구,창업규제정책실,2024/03/14,370,https://www.kised.or.kr/board.es?mid=a10309000000&bid=0008&act=view&list_no=3584&tag=&nPage=10,10
153,창업 연구자료,[2020년 창업진흥원 연구용역 결과보고서] 19년 메이커 스페이스 성과조사 및 개선방안 위탁용역,창업교육실,2024/03/14,485,https://www.kised.or.kr/board.es?mid=a10309000000&bid=0008&act=view&list_no=3583&tag=&nPage=10,10
152,창업 연구자료,[2020년 창업진흥원 연구용역 결과보고서] 온라인 회의공간 구축 수요조사,창업규제정책실,2024/03/14,341,https://www.kised.or.kr/board.es?mid=a10309000000&bid=0008&act=view&list_no=3582&tag=&nPage=11,11
151,창업 연구자료,[2020년 창업진흥원 연구용역 결과보고서] 글로벌 기업가정신 연구(GEM),창업규제정책실,2024/03/14,389,https://www.kised.or.kr/board.es?mid=a10309000000&bid=0008&act=view&list_no=3581&tag=&nPage=11,11
150,창업 연구자료,[2020년 창업진흥원 연구용역 결과보고서] 청소년 비즈쿨 활성화를 위한 고교교육 정책 연계방안 연구,창업교육실,2024/03/14,403,https://www.kised.or.kr/board.es?mid=a10309000000&bid=0008&act=view&list_no=3580&tag=&nPage=11,11
149,창업 연구자료,[2020년 창업진흥원 연구용역 결과보고서] 로컬크리에이터 활성화 지원 현황 분석 및 전략 수립,지역창업실,2024/03/14,"1,005",https://www.kised.or.kr/board.es?mid=a10309000000&bid=0008&act=view&list_no=3579&tag=&nPage=11,11
148,창업 연구자료,[2020년 창업진흥원 연구용역 결과보고서] 2020년 1인 창조기업 실태조사,지역창업실,2024/03/14,266,https://www.kised.or.kr/board.es?mid=a10309000000&bid=0008&act=view&list_no=3578&tag=&nPage=11,11
147,창업 연구자료,[2020년 창업진흥원 연구용역 결과보고서] 주요 선진국의 창업·벤처통계 비교 분석,창업규제정책실,2024/03/14,253,https://www.kised.or.kr/board.es?mid=a10309000000&bid=0008&act=view&list_no=3577&tag=&nPage=11,11
146,창업 연구자료,[2020년 창업진흥원 연구용역 결과보고서] 2020년 실전창업교육 실태조사 연구용역,창업교육실,2024/03/14,788,https://www.kised.or.kr/board.es?mid=a10309000000&bid=0008&act=view&list_no=3576&tag=&nPage=11,11
145,창업 연구자료,[2020년 창업진흥원 연구용역 결과보고서] 한-아세안 스타트업 중장기 정책 로드맵 수립,창업규제정책실,2024/03/14,296,https://www.kised.or.kr/board.es?mid=a10309000000&bid=0008&act=view&list_no=3575&tag=&nPage=11,11
144,창업 연구자료,[2020년 창업진흥원 연구용역 결과보고서] 대학 창업인프라 실태조사,창업규제정책실,2024/03/14,291,https://www.kised.or.kr/board.es?mid=a10309000000&bid=0008&act=view&list_no=3574&tag=&nPage=11,11
143,창업 연구자료,[2019년 창업진흥원 연구용역 결과보고서] 메이커 스페이스 구축·운영사업 성과조사,창업교육실,2024/03/14,365,https://www.kised.or.kr/board.es?mid=a10309000000&bid=0008&act=view&list_no=3573&tag=&nPage=11,11
142,창업 연구자료,[2019년 창업진흥원 연구용역 결과보고서] 창업공간 활용을 위한 수도권 공공 유휴공간·부지 현황분석,창업규제정책실,2024/03/14,466,https://www.kised.or.kr/board.es?mid=a10309000000&bid=0008&act=view&list_no=3572&tag=&nPage=12,12
141,창업 연구자료,[2019년 창업진흥원 연구용역 결과보고서] 전력산업기반기금 부담금 면제 제도의 인지 및 이용 실태조사,창업규제정책실,2024/03/14,418,https://www.kised.or.kr/board.es?mid=a10309000000&bid=0008&act=view&list_no=3571&tag=&nPage=12,12
140,창업 연구자료,[2019년 창업진흥원 연구용역 결과보고서] KSC 운영을 위한 스웨덴 창업생태계 조사,글로벌창업협력실,2024/03/14,265,https://www.kised.or.kr/board.es?mid=a10309000000&bid=0008&act=view&list_no=3570&tag=&nPage=12,12
139,창업 연구자료,[2019년 창업진흥원 연구용역 결과보고서] 주요 선진국의 창업·벤처통계 비교분석,창업규제정책실,2024/03/14,285,https://www.kised.or.kr/board.es?mid=a10309000000&bid=0008&act=view&list_no=3569&tag=&nPage=12,12
138,창업 연구자료,[2019년 창업진흥원 연구용역 결과보고서] 혁신창업을 위한 스타트업 클러스터 조성전략 수립 연구용역,지역창업실,2024/03/14,312,https://www.kised.or.kr/board.es?mid=a10309000000&bid=0008&act=view&list_no=3568&tag=&nPage=12,12
137,창업 연구자료,[2019년 창업진흥원 연구용역 결과보고서] 창업.벤처 정책인식 실태조사,창업규제정책실,2024/03/14,347,https://www.kised.or.kr/board.es?mid=a10309000000&bid=0008&act=view&list_no=3567&tag=&nPage=12,12
136,창업 연구자료,"[2019년 창업진흥원 연구용역 결과보고서] 3대 중점육성산업(시스템반도체, 바이오헬스, 미래차) 생태계 활상화 방안 연구",창업규제정책실,2024/03/14,299,https://www.kised.or.kr/board.es?mid=a10309000000&bid=0008&act=view&list_no=3566&tag=&nPage=12,12
135,창업 연구자료,[2019년 창업진흥원 연구용역 결과보고서] 2019년 창업지원기업 이력·성과 조사,창업규제정책실,2024/03/14,321,https://www.kised.or.kr/board.es?mid=a10309000000&bid=0008&act=view&list_no=3565&tag=&nPage=12,12
134,창업 연구자료,[2019년 창업진흥원 연구용역 결과보고서] 『중소기업창업 지원법』 전면 개정을 위한 추가 쟁점사항 발굴 및 개선방안 연구,창업규제정책실,2024/03/14,247,https://www.kised.or.kr/board.es?mid=a10309000000&bid=0008&act=view&list_no=3564&tag=&nPage=12,12
133,창업 연구자료,[2019년 창업진흥원 연구용역 결과보고서] 재도전 정책이슈 발굴 연구,재도전창업실,2024/03/14,261,https://www.kised.or.kr/board.es?mid=a10309000000&bid=0008&act=view&list_no=3563&tag=&nPage=12,12
132,창업 연구자료,[2019년 창업진흥원 연구용역 결과보고서] 재창업 지원기업 이력 실태조사,재도전창업실,2024/03/14,243,https://www.kised.or.kr/board.es?mid=a10309000000&bid=0008&act=view&list_no=3562&tag=&nPage=13,13
131,창업 연구자료,[2019년 창업진흥원 연구용역 결과보고서] 4차 산업혁명 분야 창업기업 애로규제 발굴 및 개선방안 연구,창업규제정책실,2024/03/14,307,https://www.kised.or.kr/board.es?mid=a10309000000&bid=0008&act=view&list_no=3561&tag=&nPage=13,13
130,창업 연구자료,[2019년 창업진흥원 연구용역 결과보고서] 창업경력 확인제도 도입방안 연구 용역,창업규제정책실,2024/03/14,237,https://www.kised.or.kr/board.es?mid=a10309000000&bid=0008&act=view&list_no=3560&tag=&nPage=13,13
129,창업 연구자료,[2019년 창업진흥원 연구용역 결과보고서] 대학 發 창업 활성화 방안 연구,창업규제정책실,2024/03/14,334,https://www.kised.or.kr/board.es?mid=a10309000000&bid=0008&act=view&list_no=3559&tag=&nPage=13,13
128,창업 연구자료,"[2019년 창업진흥원 연구용역 결과보고서] 메이커 스페이스 구축,운영 사업 성과지표 개발 용역",창업교육실,2024/03/14,392,https://www.kised.or.kr/board.es?mid=a10309000000&bid=0008&act=view&list_no=3558&tag=&nPage=13,13
127,창업 연구자료,[2019년 창업진흥원 연구용역 결과보고서] 전략체계 개선 및 경영관리 고도화 방안 수립 용역,기획조정실,2024/03/14,343,https://www.kised.or.kr/board.es?mid=a10309000000&bid=0008&act=view&list_no=3557&tag=&nPage=13,13
126,창업 연구자료,[2019년 창업진흥원 연구용역 결과보고서] 2019년 대학 창업인프라 실태조사,창업규제정책실,2024/03/14,257,https://www.kised.or.kr/board.es?mid=a10309000000&bid=0008&act=view&list_no=3556&tag=&nPage=13,13
125,창업 연구자료,[2019년 창업진흥원 연구용역 결과보고서] 2019 글로벌 기업가정신 연구(GEM),창업규제정책실,2024/03/14,232,https://www.kised.or.kr/board.es?mid=a10309000000&bid=0008&act=view&list_no=3555&tag=&nPage=13,13
124,창업 연구자료,[2019년 창업진흥원 연구용역 결과보고서] 단계별 창업사업화 지원사업 효율화방안 연구용역,예비초기창업실,2024/03/14,296,https://www.kised.or.kr/board.es?mid=a10309000000&bid=0008&act=view&list_no=3554&tag=&nPage=13,13
123,창업 연구자료,[2019년 창업진흥원 연구용역 결과보고서] 대학기업가센터 사업운영방안 수립 연구용역,창업교육실,2024/03/14,182,https://www.kised.or.kr/board.es?mid=a10309000000&bid=0008&act=view&list_no=3553&tag=&nPage=13,13
122,창업 연구자료,[2018년 창업진흥원 연구용역 결과보고서] 창업 인정범위 확대를 위한 재창업 현황조사,창업규제정책실,2024/03/14,243,https://www.kised.or.kr/board.es?mid=a10309000000&bid=0008&act=view&list_no=3552&tag=&nPage=14,14
121,창업 연구자료,[2018년 창업진흥원 연구용역 결과보고서] 글로벌 기업가정신 연구(GEM) 실태조사,창업규제정책실,2024/03/14,214,https://www.kised.or.kr/board.es?mid=a10309000000&bid=0008&act=view&list_no=3551&tag=&nPage=14,14
120,창업 연구자료,[2018년 창업진흥원 연구용역 결과보고서] 2018년 실전창업교육 프로그램 개발 용역,창업교육실,2024/03/14,783,https://www.kised.or.kr/board.es?mid=a10309000000&bid=0008&act=view&list_no=3550&tag=&nPage=14,14
119,창업 연구자료,[2018년 창업진흥원 연구용역 결과보고서] 규제자유특구를 통한 지역 혁신성장 방안에 대한 정책연구,지역창업실,2024/03/14,177,https://www.kised.or.kr/board.es?mid=a10309000000&bid=0008&act=view&list_no=3549&tag=&nPage=14,14
118,창업 연구자료,[2018년 창업진흥원 연구용역 결과보고서] 창업지원기업 정밀분석,창업규제정책실,2024/03/14,204,https://www.kised.or.kr/board.es?mid=a10309000000&bid=0008&act=view&list_no=3548&tag=&nPage=14,14
117,창업 연구자료,[2018년 창업진흥원 연구용역 결과보고서] 예비창업패키지 발전방향 수립 연구용역,예비초기창업실,2024/03/14,483,https://www.kised.or.kr/board.es?mid=a10309000000&bid=0008&act=view&list_no=3547&tag=&nPage=14,14
116,창업 연구자료,[2018년 창업진흥원 연구용역 결과보고서] 창조경제혁신센터 수행 창업지원사업 성과분석 연구용역,지역창업실,2024/03/14,765,https://www.kised.or.kr/board.es?mid=a10309000000&bid=0008&act=view&list_no=3546&tag=&nPage=14,14
115,창업 연구자료,[2018년 창업진흥원 연구용역 결과보고서] 2018년 창업지원기업 이력·성과 조사,창업규제정책실,2024/03/14,181,https://www.kised.or.kr/board.es?mid=a10309000000&bid=0008&act=view&list_no=3545&tag=&nPage=14,14
114,창업 연구자료,[2018년 창업진흥원 연구용역 결과보고서] 창업지원사업 유형분류 및 개편방안 연구,창업규제정책실,2024/03/14,694,https://www.kised.or.kr/board.es?mid=a10309000000&bid=0008&act=view&list_no=3544&tag=&nPage=14,14
113,창업 연구자료,[2018년 창업진흥원 연구용역 결과보고서] 중소기업창업 지원법 개정 방향에 대한 연구,창업규제정책실,2024/03/14,163,https://www.kised.or.kr/board.es?mid=a10309000000&bid=0008&act=view&list_no=3543&tag=&nPage=14,14
112,창업 연구자료,[2018년 창업진흥원 연구용역 결과보고서] 창업도약패키지 및 지역혁신생태계구축 지원사업 창업 지원 기업 현황 및 만족도 조사,창업도약실,2024/03/14,240,https://www.kised.or.kr/board.es?mid=a10309000000&bid=0008&act=view&list_no=3542&tag=&nPage=15,15
111,창업 연구자료,[2018년 창업진흥원 연구용역 결과보고서] 국내·외 창업클러스터 현황과 시사점(스타트업파크(창업마을) 조성방안 연구),창업규제정책실,2024/03/14,189,https://www.kised.or.kr/board.es?mid=a10309000000&bid=0008&act=view&list_no=3541&tag=&nPage=15,15
110,창업 연구자료,[2018년 창업진흥원 연구용역 결과보고서] 공공연구기관 창업인프라 실태조사,창업규제정책실,2024/03/14,176,https://www.kised.or.kr/board.es?mid=a10309000000&bid=0008&act=view&list_no=3540&tag=&nPage=15,15
109,창업 연구자료,[2018년 창업진흥원 연구용역 결과보고서] 창업·벤처 정책인식 실태조사,창업규제정책실,2024/03/14,172,https://www.kised.or.kr/board.es?mid=a10309000000&bid=0008&act=view&list_no=3539&tag=&nPage=15,15
108,창업 연구자료,[2018년 창업진흥원 연구용역 결과보고서] TIPS 성과분석 및 발전방안 연구,민관협력창업실,2024/03/14,436,https://www.kised.or.kr/board.es?mid=a10309000000&bid=0008&act=view&list_no=3538&tag=&nPage=15,15
107,창업 연구자료,[2018년 창업진흥원 연구용역 결과보고서] 대전 TIPS타운 조성 차별화 및 연계방안 연구용역,민관협력창업실,2024/03/14,231,https://www.kised.or.kr/board.es?mid=a10309000000&bid=0008&act=view&list_no=3537&tag=&nPage=15,15
106,창업 연구자료,[2018년 창업진흥원 연구용역 결과보고서] 주요 선진국의 창업·벤처통계 비교분석,창업규제정책실,2024/03/14,159,https://www.kised.or.kr/board.es?mid=a10309000000&bid=0008&act=view&list_no=3536&tag=&nPage=15,15
105,창업 연구자료,[2018년 창업진흥원 연구용역 결과보고서] 창업진흥원 중장기 경영전략 수립,기획조정실,2024/03/14,360,https://www.kised.or.kr/board.es?mid=a10309000000&bid=0008&act=view&list_no=3535&tag=&nPage=15,15
104,창업 연구자료,[2018년 창업진흥원 연구용역 결과보고서] 온라인 멘토링 시스템 멘토 분류 개편 및 DB 재구축,창업도약실,2024/03/14,244,https://www.kised.or.kr/board.es?mid=a10309000000&bid=0008&act=view&list_no=3534&tag=&nPage=15,15
103,창업 연구자료,[2018년 창업진흥원 연구용역 결과보고서] 창업기업 공공 조달현황 분석 및 의무구매제도 운영방안 연구,창업규제정책실,2024/03/14,187,https://www.kised.or.kr/board.es?mid=a10309000000&bid=0008&act=view&list_no=3533&tag=&nPage=15,15
102,창업 연구자료,[2018년 창업진흥원 연구용역 결과보고서] 중소창업기업의 혁신기술개발 등을 견인하기 위한 정책방안 연구,창업규제정책실,2024/03/14,201,https://www.kised.or.kr/board.es?mid=a10309000000&bid=0008&act=view&list_no=3532&tag=&nPage=16,16
101,창업 연구자료,[2018년 창업진흥원 연구용역 결과보고서] 벤처기업 우대제도 개선방안 연구,창업규제정책실,2024/03/14,205,https://www.kised.or.kr/board.es?mid=a10309000000&bid=0008&act=view&list_no=3531&tag=&nPage=16,16
100,창업 연구자료,[2018년 창업진흥원 연구용역 결과보고서] 중소기업 상담회사 제도 운영현황 및 실효성 분석,창업규제정책실,2024/03/14,468,https://www.kised.or.kr/board.es?mid=a10309000000&bid=0008&act=view&list_no=3530&tag=&nPage=16,16
99,창업 연구자료,[2018년 창업진흥원 연구용역 결과보고서] 중소기업의 4차 산업혁명 도입 확대를 위한 정책방안 연구,창업규제정책실,2024/03/14,172,https://www.kised.or.kr/board.es?mid=a10309000000&bid=0008&act=view&list_no=3529&tag=&nPage=16,16
98,창업 연구자료,[2018년 창업진흥원 연구용역 결과보고서] 창업기업의 부담금 면제 확대 방안 연구,창업규제정책실,2024/03/14,162,https://www.kised.or.kr/board.es?mid=a10309000000&bid=0008&act=view&list_no=3528&tag=&nPage=16,16
97,창업 연구자료,[2018년 창업진흥원 연구용역 결과보고서] 대학 투자 표준모델 개발 연구용역,예비초기창업실,2024/03/14,184,https://www.kised.or.kr/board.es?mid=a10309000000&bid=0008&act=view&list_no=3527&tag=&nPage=16,16
96,창업 연구자료,[2018년 창업진흥원 연구용역 결과보고서] 창업기업의 생존율 및 고용창출 효과 분석,창업규제정책실,2024/03/14,355,https://www.kised.or.kr/board.es?mid=a10309000000&bid=0008&act=view&list_no=3526&tag=&nPage=16,16
95,창업 연구자료,[2018년 창업진흥원 연구용역 결과보고서] 판교 2밸리「자율주행 가상환경 테스트베드」구축 및 활성화 방안,창업규제정책실,2024/03/14,201,https://www.kised.or.kr/board.es?mid=a10309000000&bid=0008&act=view&list_no=3525&tag=&nPage=16,16
94,창업 연구자료,[2018년 창업진흥원 연구용역 결과보고서] 창업지원기업 비즈니스 트렌드 빅데이터 분석,창업규제정책실,2024/03/14,165,https://www.kised.or.kr/board.es?mid=a10309000000&bid=0008&act=view&list_no=3524&tag=&nPage=16,16
93,창업 연구자료,[2018년 창업진흥원 연구용역 결과보고서] 대학창업 플랫폼 공통운영지침 개발 연구용역,예비초기창업실,2024/03/14,176,https://www.kised.or.kr/board.es?mid=a10309000000&bid=0008&act=view&list_no=3523&tag=&nPage=16,16
92,창업 연구자료,글로벌 기업 협업 프로그램 성과 분석 및 지표 개발,민관협력창업실,2024/01/23,352,https://www.kised.or.kr/board.es?mid=a10309000000&bid=0008&act=view&list_no=4076&tag=&nPage=17,17
91,창업 연구자료,2023 재창업 지원기업 실태조사,재도전창업실,2024/01/26,838,https://www.kised.or.kr/board.es?mid=a10309000000&bid=0008&act=view&list_no=4073&tag=&nPage=17,17
90,창업 연구자료,K-스타버스 플랫폼 시범 구축·운영방안,창업규제정책실,2024/01/03,90,https://www.kised.or.kr/board.es?mid=a10309000000&bid=0008&act=view&list_no=4071&tag=&nPage=17,17
89,창업 연구자료,창업지원사업 성과 분석,창업규제정책실,2024/01/03,"1,089",https://www.kised.or.kr/board.es?mid=a10309000000&bid=0008&act=view&list_no=4069&tag=&nPage=17,17
88,창업 연구자료,1인 창조기업 육성 3개년('24~26년) 계획 수립 연구,지역창업실,2024/03/07,494,https://www.kised.or.kr/board.es?mid=a10309000000&bid=0008&act=view&list_no=4068&tag=&nPage=17,17
87,창업 연구자료,[2023년 창업진흥원 연구용역 결과보고서] 2023년 창업지원기업 이력성과조사,창업규제정책실,2024/02/06,644,https://www.kised.or.kr/board.es?mid=a10309000000&bid=0008&act=view&list_no=4026&tag=&nPage=17,17
86,창업 연구자료,[2018년 창업진흥원 연구용역 결과보고서] 글로벌 액셀러레이터 현황 조사,글로벌창업협력실,2024/03/14,461,https://www.kised.or.kr/board.es?mid=a10309000000&bid=0008&act=view&list_no=3522&tag=&nPage=17,17
85,창업 연구자료,[2018년 창업진흥원 연구용역 결과보고서] 국가별 해외기업 유치 현황 조사,글로벌창업협력실,2024/03/14,429,https://www.kised.or.kr/board.es?mid=a10309000000&bid=0008&act=view&list_no=3521&tag=&nPage=17,17
84,창업 연구자료,글로벌 기업 협업 프로그램 성과 분석 및 지표 개발 연구보고서,창업진흥원,2024/01/18,"1,489",https://www.kised.or.kr/board.es?mid=a10309000000&bid=0008&act=view&list_no=3470&tag=&nPage=17,17
83,창업 연구자료,2023년 혁신창업스쿨 및 창업에듀 실태조사 결과보고서,창업진흥원,2024/01/10,"1,406",https://www.kised.or.kr/board.es?mid=a10309000000&bid=0008&act=view&list_no=3465&tag=&nPage=17,17
82,창업 연구자료,창업 인프라 성과분석,지역창업실,2023/11/09,309,https://www.kised.or.kr/board.es?mid=a10309000000&bid=0008&act=view&list_no=4070&tag=&nPage=18,18
81,창업 연구자료,2023년 글로벌 기업가정신 연구(GEM),창업규제정책실,2023/12/18,779,https://www.kised.or.kr/board.es?mid=a10309000000&bid=0008&act=view&list_no=4067&tag=&nPage=18,18
80,창업 통계자료,2023년 주요 선진국의 창업 벤처통계 비교·분석,창업규제정책실,2024/01/03,684,https://www.kised.or.kr/board.es?mid=a10309000000&bid=0008&act=view&list_no=4066&tag=&nPage=18,18
79,창업 연구자료,스타트업 글로벌 진출 관련 규제애로 현황 및 개선방안,창업규제정책실,2023/08/31,505,https://www.kised.or.kr/board.es?mid=a10309000000&bid=0008&act=view&list_no=4065&tag=&nPage=18,18
78,창업 연구자료,창업규제 발굴·개선을 위한 창업규제트리 개발 연구,창업규제정책실,2023/05/08,264,https://www.kised.or.kr/board.es?mid=a10309000000&bid=0008&act=view&list_no=4064&tag=&nPage=18,18
77,창업 연구자료,K-스타트업 글로벌 진출 가이드라인 연구자료,창업규제정책실,2024/01/02,"3,177",https://www.kised.or.kr/board.es?mid=a10309000000&bid=0008&act=view&list_no=4061&tag=&nPage=18,18
76,창업 통계자료,2023년 창업기업실태조사(2021년 기준) 결과보고서,창업진흥원,2023/12/28,"16,504",https://www.kised.or.kr/board.es?mid=a10309000000&bid=0008&act=view&list_no=3451&tag=&nPage=18,18
75,일반자료,스타트업 파크 사업관리지침 제정 안내,이은호,2023/11/08,"1,176",https://www.kised.or.kr/board.es?mid=a10309000000&bid=0008&act=view&list_no=3411&tag=&nPage=18,18
74,일반자료,창업진흥원 ESG 매거진(우수사례집),ESG혁신실,2023/04/03,"5,378",https://www.kised.or.kr/board.es?mid=a10309000000&bid=0008&act=view&list_no=3085&tag=&nPage=18,18
73,창업 통계자료,2022년 1인 창조기업 실태조사 결과보고서,지역창업실,2023/03/10,"4,701",https://www.kised.or.kr/board.es?mid=a10309000000&bid=0008&act=view&list_no=3053&tag=&nPage=18,18
72,,비대면 서비스 바우처 관리지침 제8차 개정 공지,김종완,2023/02/24,"2,012",https://www.kised.or.kr/board.es?mid=a10309000000&bid=0008&act=view&list_no=3044&tag=&nPage=19,19
71,창업 통계자료,2022년 창업기업실태조사(2020년 기준) 결과보고서,창업규제정책실,2023/02/16,"14,501",https://www.kised.or.kr/board.es?mid=a10309000000&bid=0008&act=view&list_no=3039&tag=&nPage=19,19
70,일반자료,2022년 재도전성공패키지 우수사례집,재도전창업실,2022/12/27,"6,279",https://www.kised.or.kr/board.es?mid=a10309000000&bid=0008&act=view&list_no=3005&tag=&nPage=19,19
69,일반자료,"2022년 창업진흥원 기관 홍보물(브로슈어, 리플렛)",대외협력실,2022/12/20,"11,197",https://www.kised.or.kr/board.es?mid=a10309000000&bid=0008&act=view&list_no=2852&tag=&nPage=19,19
68,일반자료,창업 사업화 지원사업 부정행위 사례집,창업평가총괄실,2022/05/18,"6,005",https://www.kised.or.kr/board.es?mid=a10309000000&bid=0008&act=view&list_no=2805&tag=&nPage=19,19
67,창업 통계자료,2021년 1인 창조기업 실태조사 결과보고서,창업인프라조성실,2022/03/31,"5,943",https://www.kised.or.kr/board.es?mid=a10309000000&bid=0008&act=view&list_no=2745&tag=&nPage=19,19
66,창업 통계자료,한눈에 보는 창업동향(2019년 창업기업실태조사),창업정책연구실,2022/02/25,"5,606",https://www.kised.or.kr/board.es?mid=a10309000000&bid=0008&act=view&list_no=2696&tag=&nPage=19,19
65,창업 통계자료,2021년 창업기업실태조사 ('19년 기준),창업정책연구실,2022/02/25,"6,425",https://www.kised.or.kr/board.es?mid=a10309000000&bid=0008&act=view&list_no=2695&tag=&nPage=19,19
64,일반자료,2021년 재도전성공패키지 우수사례집,재도전창업실,2022/01/05,"8,215",https://www.kised.or.kr/board.es?mid=a10309000000&bid=0008&act=view&list_no=2643&tag=&nPage=19,19
63,일반자료,창업진흥원 10주년 기념백서,대외협력실,2021/10/08,"6,108",https://www.kised.or.kr/board.es?mid=a10309000000&bid=0008&act=view&list_no=2546&tag=&nPage=19,19
62,창업 연구자료,2020년 1인 창조기업 실태조사,한혜리,2021/09/10,"3,143",https://www.kised.or.kr/board.es?mid=a10309000000&bid=0008&act=view&list_no=2518&tag=&nPage=20,20
61,창업 연구자료,아기유니콘200 육성사업 고도화 연구 보고서,최지원,2021/06/01,"3,171",https://www.kised.or.kr/board.es?mid=a10309000000&bid=0008&act=view&list_no=2400&tag=&nPage=20,20
60,일반자료,2021년 창업관련 개정세법 안내,강정호,2021/05/20,"2,964",https://www.kised.or.kr/board.es?mid=a10309000000&bid=0008&act=view&list_no=2356&tag=&nPage=20,20
59,창업 통계자료,한눈에 보는 창업동향(2020년 창업기업실태조사('18년 기준)),김은성,2021/05/11,"4,275",https://www.kised.or.kr/board.es?mid=a10309000000&bid=0008&act=view&list_no=2325&tag=&nPage=20,20
58,창업 통계자료,2020년 창업기업실태조사('18년 기준),김은성,2021/05/11,"9,552",https://www.kised.or.kr/board.es?mid=a10309000000&bid=0008&act=view&list_no=2324&tag=&nPage=20,20
57,일반자료,2021년 창업지원사업 온라인 통합설명회 발표자료,홍보실,2021/02/01,"6,718",https://www.kised.or.kr/board.es?mid=a10309000000&bid=0008&act=view&list_no=2159&tag=&nPage=20,20
56,창업 통계자료,2020년 창업지원기업 이력·성과 조사,김은성,2020/12/31,"6,129",https://www.kised.or.kr/board.es?mid=a10309000000&bid=0008&act=view&list_no=2134&tag=&nPage=20,20
55,창업 통계자료,한눈에 보는 창업동향(창업·벤처 정책인식 실태조사),김은성,2020/12/30,"5,063",https://www.kised.or.kr/board.es?mid=a10309000000&bid=0008&act=view&list_no=2133&tag=&nPage=20,20
54,창업 통계자료,한눈에 보는 창업동향(2020년 창업지원기업 이력·성과 조사),김은성,2020/12/30,"4,605",https://www.kised.or.kr/board.es?mid=a10309000000&bid=0008&act=view&list_no=2132&tag=&nPage=20,20
53,일반자료,상표동향분석을 통한 미래산업분석 리포트,관리자,2020/12/04,"2,593",https://www.kised.or.kr/board.es?mid=a10309000000&bid=0008&act=view&list_no=2102&tag=&nPage=20,20
52,일반자료,창업기업 확인시스템 구축을 위한 정보화전략계획(ISP) 계획 수립 최종보고서,창업협력전략실,2020/09/04,"6,710",https://www.kised.or.kr/board.es?mid=a10309000000&bid=0008&act=view&list_no=1932&tag=&nPage=21,21
51,창업 연구자료,청년·시니어 공동창업 연구보고서(2016),관리자,2020/07/13,"3,280",https://www.kised.or.kr/board.es?mid=a10309000000&bid=0008&act=view&list_no=1845&tag=&nPage=21,21
50,창업 연구자료,재창업 활성화를 위한 조기 신용회복 지원에 관한 연구(2016),관리자,2020/07/13,"2,124",https://www.kised.or.kr/board.es?mid=a10309000000&bid=0008&act=view&list_no=1844&tag=&nPage=21,21
49,창업 연구자료,창업단계별 핵심규제 발굴 및 부담완화 방안 연구보고서(2016),관리자,2020/07/13,"4,350",https://www.kised.or.kr/board.es?mid=a10309000000&bid=0008&act=view&list_no=1843&tag=&nPage=21,21
48,창업 통계자료,메이커 스페이스 구축·운영사업 최종보고서,기관 관리자,2020/06/19,"7,178",https://www.kised.or.kr/board.es?mid=a10309000000&bid=0008&act=view&list_no=1815&tag=&nPage=21,21
47,창업 연구자료,2019년 1인 창조기업 실태조사,창업저변부,2020/05/28,"3,637",https://www.kised.or.kr/board.es?mid=a10309000000&bid=0008&act=view&list_no=1780&tag=&nPage=21,21
46,일반자료,세계 주요 글로벌 피칭대회 완전 정복! 글로벌 피칭 경진대회 가이드북 배포,글로벌사업부,2020/04/29,"4,014",https://www.kised.or.kr/board.es?mid=a10309000000&bid=0008&act=view&list_no=1763&tag=&nPage=21,21
45,창업 연구자료,2019년 창업기업실태조사,조사연구실,2020/04/29,"7,248",https://www.kised.or.kr/board.es?mid=a10309000000&bid=0008&act=view&list_no=1762&tag=&nPage=21,21
44,창업 통계자료,2019년 창업교육·멘토링 실태조사,기관 관리자,2020/03/18,"4,503",https://www.kised.or.kr/board.es?mid=a10309000000&bid=0008&act=view&list_no=1691&tag=&nPage=21,21
43,창업 통계자료,한눈에 보는 창업동향(창업벤처 정책인식 실태조사),조사연구실,2020/01/20,"3,470",https://www.kised.or.kr/board.es?mid=a10309000000&bid=0008&act=view&list_no=1625&tag=&nPage=21,21
42,일반자료,제 6회 혁신적실패사례 공모전 사례집,재도전창업부,2020/01/03,"3,208",https://www.kised.or.kr/board.es?mid=a10309000000&bid=0008&act=view&list_no=1604&tag=&nPage=22,22
41,창업 연구자료,창업진흥원 전략체계 개선 및 경영관리 고도화 방안 수립 보고서,사회적가치혁신팀,2019/12/27,"3,290",https://www.kised.or.kr/board.es?mid=a10309000000&bid=0008&act=view&list_no=1595&tag=&nPage=22,22
40,일반자료,스타트업 글로벌 네비게이터,글로벌사업부,2019/12/23,"3,822",https://www.kised.or.kr/board.es?mid=a10309000000&bid=0008&act=view&list_no=1586&tag=&nPage=22,22
39,일반자료,2018년 재도전 성공패키지 우수사례집,재도전창업부,2019/12/18,"4,596",https://www.kised.or.kr/board.es?mid=a10309000000&bid=0008&act=view&list_no=1583&tag=&nPage=22,22
38,창업 통계자료,한눈에 보는 창업동향(창업지원기업 이력성과조사),조사연구실,2019/11/25,"3,427",https://www.kised.or.kr/board.es?mid=a10309000000&bid=0008&act=view&list_no=1551&tag=&nPage=22,22
37,창업 통계자료,한눈에 보는 창업동향(창업기업 실태조사),조사연구실,2019/10/29,"3,625",https://www.kised.or.kr/board.es?mid=a10309000000&bid=0008&act=view&list_no=1497&tag=&nPage=22,22
36,창업 연구자료,글로벌 액셀러레이팅 지원체계 개선 방안 연구,조사연구실,2019/07/04,"3,029",https://www.kised.or.kr/board.es?mid=a10309000000&bid=0008&act=view&list_no=1481&tag=&nPage=22,22
35,창업 연구자료,글로벌 창업 활성화 방안 연구,글로벌사업부,2019/07/25,"3,304",https://www.kised.or.kr/board.es?mid=a10309000000&bid=0008&act=view&list_no=1480&tag=&nPage=22,22
34,창업 연구자료,지역 창업생태계 활성화 관련 분석 모델·지표 개발 및 지역 창업인프라 구축·운영 사업의 성과지표 구축,조사연구실,2019/07/08,"3,970",https://www.kised.or.kr/board.es?mid=a10309000000&bid=0008&act=view&list_no=1478&tag=&nPage=22,22
33,창업 연구자료,1인 창조기업 실태조사,교육문화부,2019/07/30,"4,383",https://www.kised.or.kr/board.es?mid=a10309000000&bid=0008&act=view&list_no=1318&tag=&nPage=22,22
32,창업 연구자료,국내외 사내벤처 운영 실태조사 및 정책 개선방안 마련,조사연구실,2019/04/18,"2,962",https://www.kised.or.kr/board.es?mid=a10309000000&bid=0008&act=view&list_no=1483&tag=&nPage=23,23
31,창업 연구자료,국내 창업환경 개선을 위한 법·제도 연구,조사연구실,2019/06/28,"2,576",https://www.kised.or.kr/board.es?mid=a10309000000&bid=0008&act=view&list_no=1482&tag=&nPage=23,23
30,창업 연구자료,청소년 비즈쿨 지원사업 교육운영모형 개발 및 활성화 방안 연구,창업저변확대부,2019/06/20,"3,322",https://www.kised.or.kr/board.es?mid=a10309000000&bid=0008&act=view&list_no=1294&tag=&nPage=23,23
29,창업 연구자료,2018년 창업기업 실태조사 최종보고서,관리자,2019/04/05,"13,432",https://www.kised.or.kr/board.es?mid=a10309000000&bid=0008&act=view&list_no=1228&tag=&nPage=23,23
28,일반자료,창업도약패키지 지원사업 우수사례집,관리자,2019/03/12,"6,025",https://www.kised.or.kr/board.es?mid=a10309000000&bid=0008&act=view&list_no=1203&tag=&nPage=23,23
27,창업 통계자료,2018년 대학 창업인프라 실태조사,관리자,2019/02/11,"8,749",https://www.kised.or.kr/board.es?mid=a10309000000&bid=0008&act=view&list_no=1186&tag=&nPage=23,23
26,창업 연구자료,2017년 1인 창조기업 실태조사 최종보고서,관리자,2018/06/28,"4,965",https://www.kised.or.kr/board.es?mid=a10309000000&bid=0008&act=view&list_no=1072&tag=&nPage=23,23
25,일반자료,재도전 성공패키지 우수사례집,관리자,2018/05/09,"6,921",https://www.kised.or.kr/board.es?mid=a10309000000&bid=0008&act=view&list_no=1050&tag=&nPage=23,23
24,일반자료,혁신적 실패사례 공모전 사례집,관리자,2018/05/09,"7,465",https://www.kised.or.kr/board.es?mid=a10309000000&bid=0008&act=view&list_no=1049&tag=&nPage=23,23
23,일반자료,2018년 중소ㆍ벤처기업 지원사업,관리자,2018/05/08,"4,085",https://www.kised.or.kr/board.es?mid=a10309000000&bid=0008&act=view&list_no=1048&tag=&nPage=23,23
22,일반자료,2018년 창업지원사업 안내,관리자,2018/05/08,"12,654",https://www.kised.or.kr/board.es?mid=a10309000000&bid=0008&act=view&list_no=1047&tag=&nPage=24,24
21,창업 연구자료,2017년 창업기업 실태조사 최종보고서,관리자,2018/04/13,"9,214",https://www.kised.or.kr/board.es?mid=a10309000000&bid=0008&act=view&list_no=1040&tag=&nPage=24,24
20,창업 연구자료,2016년 1인 창조기업 실태조사 최종보고서,관리자,2018/03/26,"3,391",https://www.kised.or.kr/board.es?mid=a10309000000&bid=0008&act=view&list_no=1034&tag=&nPage=24,24
19,창업 연구자료,2015년 1인 창조기업 실태조사 최종보고서,관리자,2018/03/26,"2,712",https://www.kised.or.kr/board.es?mid=a10309000000&bid=0008&act=view&list_no=1033&tag=&nPage=24,24
18,창업 연구자료,2014년 1인 창조기업 실태조사 최종보고서,관리자,2018/03/26,"2,547",https://www.kised.or.kr/board.es?mid=a10309000000&bid=0008&act=view&list_no=1032&tag=&nPage=24,24
17,창업 통계자료,2017년 대학 창업통계 조사 결과 보고서,관리자,2018/01/16,"4,044",https://www.kised.or.kr/board.es?mid=a10309000000&bid=0008&act=view&list_no=1002&tag=&nPage=24,24
16,일반자료,창업선도대학 육성사업 성공사례집 e-book,관리자,2017/12/27,"3,670",https://www.kised.or.kr/board.es?mid=a10309000000&bid=0008&act=view&list_no=997&tag=&nPage=24,24
15,창업 연구자료,2016년 창업기업 실태조사 연구보고서,관리자,2017/07/03,"4,883",https://www.kised.or.kr/board.es?mid=a10309000000&bid=0008&act=view&list_no=905&tag=&nPage=24,24
14,일반자료,2017년 K-Startup 통합 설명회 자료집,관리자,2017/03/09,"3,924",https://www.kised.or.kr/board.es?mid=a10309000000&bid=0008&act=view&list_no=821&tag=&nPage=24,24
13,일반자료,2017년 창업지원사업,관리자,2017/03/09,"4,073",https://www.kised.or.kr/board.es?mid=a10309000000&bid=0008&act=view&list_no=820&tag=&nPage=24,24
12,일반자료,2017년부터 이렇게 달라집니다,관리자,2017/03/09,"2,768",https://www.kised.or.kr/board.es?mid=a10309000000&bid=0008&act=view&list_no=819&tag=&nPage=25,25
11,일반자료,중소기업 재도전 지원제도(백전백승),관리자,2017/03/09,"3,034",https://www.kised.or.kr/board.es?mid=a10309000000&bid=0008&act=view&list_no=818&tag=&nPage=25,25
10,일반자료,2016 중소기업 CEO가 즐겨찾는 정책 100선 '내 손안의 정책 가이드북),관리자,2016/08/29,"3,144",https://www.kised.or.kr/board.es?mid=a10309000000&bid=0008&act=view&list_no=684&tag=&nPage=25,25
9,창업 연구자료,2015년 창업기업 실태조사 연구보고서,관리자,2016/07/28,"5,467",https://www.kised.or.kr/board.es?mid=a10309000000&bid=0008&act=view&list_no=661&tag=&nPage=25,25
8,일반자료,2016년 K-startup 통합 설명회 자료집,관리자,2016/03/03,"5,160",https://www.kised.or.kr/board.es?mid=a10309000000&bid=0008&act=view&list_no=575&tag=&nPage=25,25
7,창업 연구자료,2014년 창업기업 실태조사 연구보고서,관리자,2015/12/22,"6,315",https://www.kised.or.kr/board.es?mid=a10309000000&bid=0008&act=view&list_no=520&tag=&nPage=25,25
6,일반자료,2015 성공창업의 길 사례집,관리자,2015/10/21,"6,543",https://www.kised.or.kr/board.es?mid=a10309000000&bid=0008&act=view&list_no=476&tag=&nPage=25,25
5,일반자료,2015년도 테크숍 구축 지원사업 주관기관 모집 설명회,관리자,2015/08/13,"4,404",https://www.kised.or.kr/board.es?mid=a10309000000&bid=0008&act=view&list_no=406&tag=&nPage=25,25
4,일반자료,"""혁신적 실패사례 공모전 개최"" 홍보영상",관리자,2015/08/10,"4,527",https://www.kised.or.kr/board.es?mid=a10309000000&bid=0008&act=view&list_no=398&tag=&nPage=25,25
3,일반자료,창업맞춤형사업 주관기관 대상 창업사업 통합정보관리시스템 설명회,관리자,2015/08/07,"3,800",https://www.kised.or.kr/board.es?mid=a10309000000&bid=0008&act=view&list_no=395&tag=&nPage=25,25
2,일반자료,2015년 창업맞춤형사업화 지원사업 창업기업 모집 사업설명회 자료,관리자,2015/08/07,"4,365",https://www.kised.or.kr/board.es?mid=a10309000000&bid=0008&act=view&list_no=394&tag=&nPage=26,26
1,일반자료,창업자 사업역량 및 사업아이템 자가진단키트 개발,관리자,2015/06/08,"9,490",https://www.kised.or.kr/board.es?mid=a10309000000&bid=0008&act=view&list_no=332&tag=&nPage=26,26
