연번,지역,지역 시군구,센터명,사업자 구분,지정일,주력보육분야,주소,특화분야,입주기업 전체 개수,보육실 전체 개수,입주율,센터등급
1,서울특별시,동작구,Creative Business Center(중앙대),대학,2020-05-19,"바이오, 의학, ICT, 문화예술, 소셜벤처","06974서울특별시 동작구 흑석로 84, 중앙대학교 102관 1001호 (흑석동)중앙대학교 102관 1001호",문화컨텐츠,7,13,91.0,70점 이상
2,서울특별시,관악구,S-INNOVATION(에스이노베이션),대학,2013-09-23,IT융복합분야,08826서울특별시 관악구 관악로 1서울대 연구공원본관 2층 226호,IT,11,31,94.7,
3,서울특별시,강남구,TIPS타운(팁스타운),공공기관·협단체,2017-05-18,TIPS프로그램,06247서울특별시 강남구 역삼로 165(역삼동)3층 팁스타운 기획본부,특화BI ,73,79,85.3,
4,서울특별시,광진구,건국대학교 창업보육센터,대학,1999-05-01,정보통신 및 컴퓨터 바이오,"05029서울특별시 광진구 능동로 120, 건국대학교 창의관 210호 (화양동)건국대학교 창의관 210호",특화BI ,18,21,78.7,70점 미만
5,서울특별시,동대문구,경희창업보육센터(서울),대학,2000-04-27,"바이오, IT",02447서울특별시 동대문구 경희대로 26경희대학교 창업보육센터(네오르네상스관 205호),IT,19,23,88.4,70점 이상
6,서울특별시,성북구,고려대학교 크림슨창업지원단,대학,1999-08-05,정보통신공학기술,02841서울특별시 성북구 안암로 145 (안암동5가)고려대학교 CJ식품안전관 103호,특화BI ,11,14,94.8,70점 이상
7,서울특별시,노원구,광운창업지원센터,대학,2020-02-03,"ICT, 에너지바이오, 문화콘텐츠","01886서울특별시 노원구 석계로18길 23(월계동, 삼능스페이스향)3층, KW-TIB","IT, 앱개발",15,26,74.8,70점 이상
8,서울특별시,성북구,국민대창업보육센터,대학,1999-08-05,디자인분야,02707서울특별시 성북구 정릉로 77(정릉동),특화BI ,10,15,81.7,70점 미만
9,서울특별시,강남구,글로벌벤처센터,민간기관,2012-05-09,"IT, SW, 모바일앱",06258서울특별시 강남구 도곡로 112서한빌딩 2층 (도곡동),IT,21,30,84.4,70점 이상
10,서울특별시,종로구,덴탈메디케어 창업보육센터,대학,2012-04-30,"치과의약바이오, 의료기기, 의약품, 바이오소재",03080서울특별시 종로구 대학로 101(연건동)서울대학교 치의학대학원 덴탈메디케어 창업보육센터,바이오,4,11,32.4,
11,서울특별시,중구,동국대학교 창업보육센터,대학,1999-02-27,"플랫폼, AI","04626서울특별시 중구 퇴계로36길 2, 동국대학교 충무로관 본관 820호 (필동2가)동국대학교 충무로관 본관 820호",특화BI ,14,25,97.0,70점 이상
12,서울특별시,마포구,마포비즈니스센터,정부·지자체,2008-12-24,정보통신 및 전기전자,03911서울특별시 마포구 매봉산로 18 (상암동)상암동,특화BI ,13,20,79.5,70점 이상
13,서울특별시,중구,비채나 창업보육센터,민간기관,2021-07-06,"메타버스,패션테크,AI,IoT,AR,VR,ICT융복합","04564서울특별시 중구 장충단로 247, 4층 (을지로6가)4층",인큐베이팅펀드,14,16,92.1,
14,서울특별시,노원구,삼육대학교창업보육센터,대학,2000-04-27,교육용멀티미디어,01795서울특별시 노원구 화랑로 815(공릉동) 제1실습관 5층 5019호,특화BI ,16,20,88.3,70점 이상
15,서울특별시,마포구,서강비즈니스센터,대학,1999-08-05,정보처리 및 기타 컴퓨터 운영 관련업 전자부품 영상 음향 및통신장비제조업,04107서울특별시 마포구 백범로 35(신수동) 서강대학교 떼이야르관 503호,특화BI ,11,16,96.8,70점 이상
16,서울특별시,서대문구,서대문구-서울시립대학교 창업지원센터,대학,1999-08-05,"IT정보통신,환경,소셜,디지털",03628서울특별시 서대문구 통일로 484공유캠퍼스 23층 창업지원센터,특화BI ,32,39,75.4,70점 이상
17,서울특별시,노원구,서울과학기술대창업보육센터,대학,1999-02-26,"IT,소프트,콘텐츠,NT,BT",01811서울특별시 노원구 공릉로 232(공릉동) 서울과학기술대학교 테크노(62번건물) 3층 302호 창업지원단,특화BI ,28,33,83.2,70점 이상
18,서울특별시,노원구,서울여자대학교 창업보육센터,대학,2013-04-01,"지식서비스분야(CT, IT, 디자인 등)","01797서울특별시 노원구 화랑로 621, 서울여자대학교 고명우기념관 312호 창업보육센터 행정실 (공릉동)서울여자대학교 고명우기념관 312호 창업보육센터 행정실",특화BI ,11,12,91.5,70점 미만
19,서울특별시,성북구,성북구한성대벤처창업지원센터_SHBI,대학,2001-03-12,"정보통신, 플랫폼 개발","02772서울특별시 성북구 화랑로 211, 한성대 벤처창업지원센터 (장위동)한성대 벤처창업지원센터",특화BI ,16,21,67.5,
20,서울특별시,강북구,성신유니콘센터,대학,2023-06-27,"뷰티테크, 문화예술","01133서울특별시 강북구 도봉로76가길 55, B동 1층 (미아동)B동 1층",문화컨텐츠,11,20,84.4,
21,서울특별시,광진구,세종대학교벤처창업보육센터,대학,2000-04-27,"정보통신,디지털콘텐츠,앱개발","05006서울특별시 광진구 능동로 209, 대양AI센터 330호 (군자동)대양AI센터 330호",특화BI ,12,17,83.0,
22,서울특별시,용산구,숙명여대창업보육센터,대학,2010-03-30,"문화콘텐츠,1인창조기업",04310서울특별시 용산구 청파로47길 100백주년기념관 413호,문화컨텐츠,7,32,46.5,70점 미만
23,서울특별시,동작구,숭실대학교 벤처중소기업센터,대학,1999-08-05,정보처리 및 컴퓨터운영 관련업,06978서울특별시 동작구 상도로 369(상도동) 벤처중소기업센터 409호,IT,30,33,100.0,70점 이상
24,서울특별시,마포구,아트앤디자인테크 창업보육센터(홍익대_서울),대학,2021-07-06,"아트앤디자인, 아트앤디자인 테크 결합","04068서울특별시 마포구 독막로 101, BR엘리텔 빌딩 624호 (상수동)BR엘리텔 빌딩 624호","공예, 디자인",2,9,26.1,
25,서울특별시,강남구,여성기업종합지원센터,공공기관·협단체,2006-12-22,여성창업지원,06224서울특별시 강남구 역삼로 221(역삼동) 6층,특화BI ,208,215,92.7,
26,서울특별시,서대문구,연세대학교 창업지원단,대학,1998-02-22,연구개발1,03722서울특별시 서대문구 연세로 50(신촌동)공학원 211호,특화BI ,19,34,87.1,70점 이상
27,서울특별시,서대문구,이화여자대학교 창업지원단,대학,2012-04-30,문화콘텐츠 등,"03759서울특별시 서대문구 북아현로 150, 이화여자대학교 산학협력관 522호 (신촌동) (신촌동)이화여자대학교 산학협력관 522호 (신촌동)",문화컨텐츠,17,33,91.1,70점 이상
28,서울특별시,노원구,인덕대학창업지원단,대학,2000-04-27,학생창업지원사업,01878서울 노원구 초안산로  12인덕대학교 제1공학관 4층 창업지원단,특화BI ,15,34,53.8,70점 이상
29,서울특별시,영등포구,장애인기업종합지원센터(서울지역센터),공공기관·협단체,2011-12-22,장애인 특화 창업보육,07230서울특별시 영등포구 버드나루로14길 25(당산동)7층,장애인,92,124,81.4,
30,서울특별시,성동구,한양대학교 창업보육센터,대학,2005-12-26,정보통신(IT),"04763서울특별시 성동구 왕십리로 222, 한양종합기술연구원(HIT관) 115호 (사근동) (사근동)한양종합기술연구원(HIT관) 115호 (사근동)",IT,14,37,53.4,
31,서울특별시,서초구,호서대학교 서울창업보육센터,대학,2011-12-22,"반도체,디스플레이,나노,문화콘텐츠",06724서울특별시 서초구 남부순환로 2497(서초동)601호 경영지원실,시니어,25,27,97.3,70점 이상
32,서울특별시,성북구,홍릉벤처밸리창업보육센터,민간기관,2001-08-06,"바이오, ICT",02792서울특별시 성북구 화랑로14길 5 (하월곡동)KIST H-2동 911C호,특화BI ,26,26,100.0,70점 이상
33,경기도,화성시,KAIST-화성시 동탄 사이언스 허브,민간기관,2023-06-27,"반도체,소재,AI,로봇","18478경기도 화성시 동탄역로 160, 롯데백화점 동탄점 B3 (오산동)롯데백화점 동탄점 B3",IT,9,18,72.3,
34,경기도,성남시,가천대학교 창업보육센터,대학,2002-03-20,"나노,바이오,IT 등 첨단기술 분야",13120경기도 성남시 수정구 성남대로 1342(복정동),특화BI ,18,20,100.0,70점 미만
35,경기도,부천시,가톨릭대학교 창업보육센터,대학,2002-03-20,BT/IT관련 산업,"14662경기도 부천시 지봉로 43, 가톨릭대학교 산학협력관 216호 (역곡동)가톨릭대학교 산학협력관 216호",특화BI ,8,15,60.0,70점 미만
36,경기도,용인시,강남대창업보육센터,대학,1999-08-05,전기전자 IT,16977경기도 용인시 기흥구 강남서로 20 (구갈동)강남대학교 창조산학관 102호 (구갈동),특화BI ,10,14,84.5,70점 이상
37,경기도,시흥시,경기과학기술대학교창업보육센터,대학,1999-02-27,녹색성장 및 1인기업,"15073경기도 시흥시 경기과기대로 270, 경기과학기술대학교 제1중소기업관 H동 207호 (정왕동)경기과학기술대학교 창업보육센터",녹색성장,34,51,74.4,70점 이상
38,경기도,용인시,경기도여성창업보육센터,정부·지자체,2008-12-24,"전자상거래,컨텐츠비즈니스,IT등","16922경기도 용인시 기흥구 용구대로 2311, 경기도일자리재단 여성능력개발본부(남부) (마북동)비즈니스동 2층 역량개발 1팀",특화BI ,21,21,95.6,70점 이상
39,경기도,수원시,경기벤처창업보육센터,정부·지자체,2007-01-24,전기전자 반도체 정보통신 정밀기기 S/W,16229경기도 수원시 영통구 광교로 107(이의동),녹색성장,32,54,88.8,70점 이상
40,경기도,수원시,경기중소기업성장지원센터,정부·지자체,2003-07-27,IT BT NT 등,16426경기도 수원시 권선구 수성로 8(구운동) 경기중소기업성장지원센터,특화BI ,20,38,95.2,70점 이상
41,경기도,수원시,경기창업보육센터(경기대),대학,1999-02-27,"IT, BT",16227경기도 수원시 영통구 광교산로 154-42(이의동) 경기대학교 창업보육센터,특화BI ,27,44,83.8,70점 미만
42,경기도,안산시,경기테크노파크 안산창업보육센터,테크노파크·창조경제혁신센터,2013-09-23,"IT, SW, IT/SW융합",15432경기도 안산시 단원구 연수원로 104-14안산정보산업진흥센터,IT,16,21,80.0,
43,경기도,의정부시,경민대학교 창업보육센터,대학,1999-08-05,"의료기기, 전기전자 등",11618경기 의정부시 서부로 545 경민대학교창업보육센터 453호,특화BI ,47,63,86.7,70점 미만
44,경기도,남양주시,경복대학교 창업보육센터,대학,2012-04-30,"지식서비스산업, 신성장동력 등",12051경기도 남양주시 진접읍 경복대로 425-80창업보육센터,특화BI ,26,30,96.1,70점 이상
45,경기도,수원시,경희대학교국제캠퍼스 창업보육센터,대학,1998-06-22,디지털 전자 ICT,"16710경기도 수원시 영통구 덕영대로 1731, 애지원 창업보육센터 202호 (영통동)애지원 창업보육센터 202호",특화BI ,23,31,84.2,70점 미만
46,경기도,군포시,군포산업진흥원 창업보육센터,정부·지자체,2022-06-15,IT,"15880경기도 군포시 군포첨단산업2로22번길 5, 5층, 6층 (부곡동)5층, 6층",IT,30,32,93.7,
47,경기도,용인시,단국대학교 창업보육센터,대학,2008-12-24,"IT, CT","16890경기도 용인시 수지구 죽전로 152글로컬 산학협력관 212호 (죽전동, 단국대학교)",특화BI ,13,17,92.4,70점 이상
48,경기도,포천시,대진대학교 창업보육센터,대학,1999-08-05,"전기, 전자, 기계, 무인항공",11159경기도 포천시 호국로 1007(선단동) 대진대학교 생활과학관,특화BI ,14,27,84.1,70점 이상
49,경기도,고양시,동국대학교 BMC 창업보육센터,대학,2009-07-09,"BT(바이오테크, 천연물신약, u-Health기기, 화장품, 기능성소재)",10326경기도 고양시 일산동구 동국로 32동국대학교 산학협력관 126호 창업보육센터 (식사동),바이오,54,153,75.9,70점 이상
50,경기도,성남시,동서울대학교 창업보육센터,대학,2000-04-27,IT융합,13117경기도 성남시 수정구 복정로 76(복정동 ),특화BI ,16,23,79.5,70점 이상
51,경기도,화성시,랩클라우드,민간기관,2023-06-27,"바이오, 신약 등","18469경기도 화성시 동탄기흥로 593-8, ㈜우정바이오 10F (영천동)㈜우정바이오 10F",바이오,0,0,0.0,
52,경기도,용인시,명지대창업보육센터(용인),대학,1999-02-27,"친환경, 반도체","17058경기도 용인시 처인구 명지로 116, 명지대학교명지대학교 창업보육센터 (남동)명지대학교명지대학교 창업보육센터",녹색성장,15,27,82.2,70점 이상
53,경기도,수원시,서울대학교농생명과학창업지원센터,대학,2000-10-31,농생명바이오,16614경기도 수원시 권선구 서호로 89(서둔동),농공상융합기업,31,69,80.7,70점 미만
54,경기도,수원시,성균관대학교 창업보육센터,대학,1999-02-27,"BT,IT,NT",16419경기도 수원시 장안구 서부로 2066 성균관대학교자연과학캠퍼스 산학협력센터 85361호,녹색성장,38,72,97.7,70점 이상
55,경기도,성남시,성남창업센터 정글ON,정부·지자체,2021-07-06,"IT융합, 바이오, 콘텐츠 등","13558경기도 성남시 분당구 성남대로331번길 8, 19층/20층/21층 (정자동)(우편번호 : 13558) (정자동)19층/20층/21층 (정자동)(우편번호 : 13558)",특화BI ,37,40,93.5,70점 이상
56,경기도,화성시,수원대창업보육센터,대학,2000-04-27,"시스템반도체, 미래자동차, 바이오",18323경기도 화성시 봉담읍 와우안길 17수원대학교 첨단 402호,지역특화,46,64,77.2,70점 미만
57,경기도,수원시,수원시 시니어창업보육센터,정부·지자체,2011-12-22,시니어창업,16263경기도 수원시 팔달구 향교로 160(중동) 창업지원센터,시니어,44,60,97.9,70점 미만
58,경기도,성남시,시너지 창업보육센터,민간기관,2017-12-29,"바이오, 의료",13201경기도 성남시 중원구 갈마치로 302 (상대원동)성남우림라이온스밸리5차 A동 5층,바이오,4,24,59.0,
59,경기도,성남시,신구대학교 창업보육센터,대학,2000-04-27,"CT, BT, IT, ET",13174경기도 성남시 중원구 광명로 377(금광동)창업관 203호,녹색성장,36,62,82.0,70점 이상
60,경기도,수원시,아주대학교 창업보육센터,대학,2000-04-27,"반도체, 전자, 정보통신",16502경기도 수원시 영통구 월드컵로 199(원천동)캠퍼스플라자 810호 창업보육센터,특화BI ,22,30,94.2,70점 이상
61,경기도,안산시,안산대학교 창업보육센터,대학,2001-03-12,"전기,전자,정보통신기기 개발",15328경기도 안산시 상록구 안산대학로 155(일동)안산대학교 창업보육센터 102호,IT,16,29,83.1,70점 이상
62,경기도,안양시,안양대학교 창업보육센터,대학,2001-03-12,"인공지능(AI), 소프트웨어, 헬스케어","14001경기도 안양시 만안구 안양로 311, 프로젝트500타워(안양동)롯데시네마안양일번가쇼핑몰 15층",특화BI ,7,13,63.7,70점 미만
63,경기도,여주시,여주대학교 창업보육센터,대학,2014-04-24,"전기·전자, 도자기(향토산업), 농업ICT(6차산업)",12652경기도 여주시 세종로 338여주대학교 여암학술관 4층 창업보육센터,특화BI ,10,11,72.7,70점 이상
64,경기도,안양시,연성대학교창업보육센터,대학,2001-03-12,전자전기통신,14011경기도 안양시 만안구 양화로37번길 34연성대학교 도의관 3~5층,특화BI ,12,23,91.7,70점 이상
65,경기도,오산시,오산대학교창업보육센터,대학,2000-04-27,"IT,전기전자",18119경기도 오산시 청학로 45(청학동),특화BI ,13,18,81.3,70점 이상
66,경기도,용인시,올콘텐츠 창업보육센터,민간기관,2022-08-08,"스마트콘텐츠,사물지능 등","17033경기도 용인시 처인구 모현읍 문현로 348, 용인소상공인회관 308호용인소상공인회관 308호","IT, 앱개발",9,9,100.0,
67,경기도,용인시,용인예술과학대학교 창업보육센터,대학,2001-03-19,기계금형사출전기전자기타,17145경기도 용인시 처인구 동부로 61(마평동)창의관303호,IT,40,58,80.3,70점 이상
68,경기도,안성시,중앙대휴먼테크노창업보육센터,대학,2000-04-27,생명자원분야,17546경기도 안성시 대덕면 서동대로 4726서동대로 4726,바이오,28,43,92.1,70점 이상
69,경기도,안산시,중진공 안산 포스트BI,공공기관·협단체,1992-04-22,"전자 및 무선통신, 반도체 관련산업",15432경기도 안산시 단원구 연수원로 64(원곡동) 중소기업진흥공단 안산post-bi센터,IT,21,32,78.8,70점 이상
70,경기도,포천시,차의과학대학교 바이오스타트업 창업보육센터,대학,2017-08-07,"의약, 바이오, 식품","11160경기도 포천시 해룡로 120, 차의과학대학교 BI (동교동)면학관 2층",바이오,21,25,86.4,70점 이상
71,경기도,성남시,투썬창업보육센터,민간기관,2011-12-22,인큐베이팅 펀드,13488경기도 성남시 분당구 판교로 323(삼평동)로비층 109호,인큐베이팅펀드,6,9,100.0,
72,경기도,안성시,한경대학교 창업보육센터,대학,2000-04-27,"환경, 바이오산업",17579경기도 안성시 중앙로 327산학협력관 2층 (석정동),특화BI ,14,24,84.0,70점 미만
73,경기도,시흥시,한국공학대학교 기술지주회사 창업보육센터,대학,1999-08-05,"정밀/특소/요소기계, 전자/기계부품, 나노광학, 정밀화학, 환경기술","15073경기도 시흥시 산기대학로 237, 한국공학대학교 P동 303호 (정왕동)한국공학대학교 P동 303호",특화BI ,18,23,91.0,70점 이상
74,경기도,부천시,한국세라믹기술원 부천 창업보육센터,연구소,2017-12-29,"세라믹 소재, 부품, 반도체, 바이오, 정밀의료, 뷰티산업, 첨단신소재 등","14449경기도 부천시 석천로 397, 301동 303-19호 (삼정동)301동 303-19호",특화BI ,12,21,45.1,70점 이상
75,경기도,이천시,한국세라믹기술원(이천분원) 공예디자인 창업보육센터,연구소,2009-07-09,공예 디자인,17303경기도 이천시 신둔면 경충대로 3321경충로 30 한국세라믹기술원 이천분원 창업보육센터,"공예, 디자인",22,26,100.0,70점 이상
76,경기도,용인시,한국외대창업보육센터,대학,2000-04-27,"ICT헬스바이오환경, 글로벌 진출",17035경기도 용인시 처인구 모현면 외대로 81창업보육센터,특화BI ,16,26,91.6,70점 이상
77,경기도,성남시,한국전자기술연구원 창업보육센터,연구소,2010-04-02,"전기, 전자",13509경기도 성남시 분당구 새나리로 25(야탑동),녹색성장,5,27,57.5,70점 이상
78,경기도,고양시,한국항공대학교 창업보육센터,대학,1999-08-05,"항공우주및기계분야, 전자및정보통신분야",10540경기도 고양시 덕양구 항공대학로 76(화전동),특화BI ,22,36,80.4,70점 미만
79,경기도,오산시,한신대학교 창업보육센터,대학,1999-08-05,"반도체, 제조, AI, IOT",18101경기도 오산시 한신대길 137 (양산동)양산동,특화BI ,21,29,95.2,70점 이상
80,경기도,안산시,한양대학교 에리카 창업보육센터,대학,1999-03-09,전자부품 제조업 등,15588경기도 안산시 상록구 한양대학로 55(사동)한양대에리카 창업보육센터 행정실 101호,특화BI ,78,129,94.2,70점 이상
81,경기도,화성시,협성대학교 창업보육센터,대학,2013-09-23,"ICT, 바이오",18330경기도 화성시 봉담읍 최루백로 72협성대학교 산학협력관,지식서비스,25,29,91.9,70점 이상
82,인천광역시,남동구,미래혁신창업보육센터,민간기관,2021-07-06,"소셜벤처, 사회적기업 등","21673인천광역시 남동구 앵고개로 928, 3층(DA프라자, 논현동) (논현동)3층(DA프라자, 논현동)",지식서비스,16,25,81.1,
83,인천광역시,연수구,인천대학교 송도창업보육센터,대학,1999-02-27,"기계,전자부품,환경,정보통신","21999인천광역시 연수구 갯벌로 12(송도동) 미추홀타워 별관 A동 4,5층",특화BI ,29,29,100.0,70점 이상
84,인천광역시,미추홀구,인천테크노파크 창업보육센터,테크노파크·창조경제혁신센터,2001-03-12,"IT, SW, CT, RT","22106인천광역시 미추홀구 경인로 229, 인천IT타워 (도화동)인천IT타워",IT,18,53,37.4,
85,인천광역시,미추홀구,인하대학교 창업보육센터,대학,2005-12-26,"신재생 에너지, 의료기기, IT융합",22212인천광역시 미추홀구 인하로 100 (용현동)본관 001호,"의료기기, 앱개발",27,62,67.2,70점 이상
86,인천광역시,부평구,한국폴리텍2대학 창업보육센터,대학,2000-04-27,"기계, 제조업, 금형, 정보통신, 자동차",21417인천광역시 부평구 무네미로448번길 56한국폴리텍 대학 인천캠퍼스 하이테크관 (구산동),특화BI ,35,59,87.7,70점 이상
87,인천광역시,서구,환경벤처센터,연구소,2000-10-31,녹색환경기술업체 보육,22689인천광역시 서구 정서진로 410창업·벤처 녹색융합클러스터 본부동 2층 환경벤처센터,특화BI ,29,33,87.8,
88,강원도,강릉시,(재)강릉과학산업진흥원 창업보육센터,정부·지자체,2011-05-23,"해양바이오 기능성 식품, 해양바이오 화장품, 해양바이오 의약품",25451강원도 강릉시 사임당로 641-22(대전동),바이오,21,27,95.5,70점 이상
89,강원도,강릉시,가톨릭관동대학교 창업보육센터,대학,2000-04-27,"에너지, 해양바이오 및 IT",25451강원도 강릉시 사임당로 641-28(대전동)가톨릭관동대학교 알앤비파크 304호,특화BI ,17,18,94.7,70점 미만
90,강원도,강릉시,강릉영동대학교 창업보육센터,대학,2000-10-31,보건 복지 관광,25521강원 강릉시 공제로 357 강릉영동대학 창업보육센터강릉영동대학교 창업보육센터,특화BI ,13,17,79.9,70점 미만
91,강원도,강릉시,강릉창업보육센터,대학,1999-08-05,공예·디자인 및 해양바이오,25457강원도 강릉시 죽헌길 7(지변동)산합협력관 501호,특화BI ,29,36,91.4,70점 이상
92,강원도,춘천시,강원대학교 강원창업보육센터,대학,2000-04-27,"기계.환경 및 IT, 바이오 및 농업",24341강원도 춘천시 강원대학길 1(효자동)보듬관 301호,앱개발,63,98,91.4,70점 이상
93,강원도,강릉시,강원도립대학교 창업보육센터,대학,2000-04-27,"해양바이오, 환경에너지 및 지역전략산업",25425강원도 강릉시 주문진읍 연주로 270산학협력단 1층 행정실,바이오,43,51,91.0,70점 이상
94,강원도,속초시,경동대학교 창업보육센터,대학,2000-04-27,해양심층수,"24865강원도 속초시 도리원길 5, 청사관 3105호 창업보육센터 (노학동)청사관 3105호 창업보육센터",특화BI ,37,49,94.8,70점 미만
95,강원도,동해시,동해시창업보육센터,정부·지자체,2000-04-27,생활용품제조,25800강원도 동해시 지양길 200(지흥동)동해시창업보육센터 행정실 9309호,녹색성장,32,41,91.4,70점 이상
96,강원도,강릉시,리스트 강원산업기술연구소 창업보육센터,연구소,2021-07-06,"소재(금속,세라믹)/수소/제조업","25452강원도 강릉시 과학단지로 57-34, 대전동 (대전동)대전동",특화BI ,4,5,100.0,70점 미만
97,강원도,삼척시,삼척창업보육센터,대학,2001-03-12,방재산업 관광용품개발,25913강원 삼척시 중앙로 346강원대학교 삼척창업보육센터 별관 행정실,특화BI ,14,18,100.0,70점 이상
98,강원도,원주시,상지대학교 창업보육센터,대학,2002-03-20,농식품 및 사회적기업,26339강원도 원주시 상지대길 83벤처창업관 2층 행정실 (우산동),바이오,59,72,95.9,70점 이상
99,강원도,원주시,연세원주창업보육센터,대학,1999-02-27,"BIO, 환경, 지식기반서비스",26493강원도 원주시 흥업면 연세대길 1창업보육센터,바이오,30,42,76.6,70점 이상
100,강원도,영월군,영월군 창업보육센터,정부·지자체,2020-03-31,"스마트제조, 농축산바이오","26240강원도 영월군 영월읍 팔괴로 130-24, 1충 창업보육센터1충 창업보육센터",바이오,18,23,91.5,70점 미만
101,강원도,원주시,중진공 원주 포스트BI,공공기관·협단체,1995-12-22,"전기,전자,토목",26311강원도 원주시 태장공단길 51원주창업보육센터 A-204 입주기업지원실,특화BI ,20,22,100.0,70점 이상
102,강원도,원주시,한라대학교창업보육센터,대학,2001-03-12,녹색성장.자동차부품관련,26404강원도 원주시 흥업면 한라대길 28창업보육센터 2관 202호,녹색성장,30,43,76.7,70점 이상
103,강원도,춘천시,한림대학교 창업보육센터,대학,1998-06-22,생물산업분야 및 IT산업,"24252강원도 춘천시 한림대학길 1,12103 (옥천동, 창업보육센터)",바이오,19,25,96.4,70점 이상
104,충청남도,논산시,건양대학교창업보육센터,대학,2000-04-27,음식료품,"32992충청남도 논산시 대학로 121, 내동 (내동)내동",특화BI ,45,44,75.2,70점 미만
105,충청남도,공주시,공주대학교 창업보육센터,대학,1999-08-05,"문화컨텐츠, 식품·바이오, IT, 전자·기계",32588충청남도 공주시 공주대학로 56(신관동)산학연구관 2층 214호,농공상융합기업,29,40,96.6,70점 이상
106,충청남도,천안시,남서울대학교 창업보육센터,대학,2000-04-27,디지털미디어,"31020충청남도 천안시 서북구 성환읍 대학로 91, 창업보육센터창업보육센터",특화BI ,50,67,74.7,70점 이상
107,충청남도,천안시,단국대학교 생명공학창업보육센터,대학,2000-04-27,생명공학,31116충청남도 천안시 동남구 단대로 119(안서동) 단국대학교 생명공학창업보육센터,바이오,17,27,79.6,70점 이상
108,충청남도,천안시,백석대학교창업보육센터,대학,2000-10-31,정보통신,31065충청남도 천안시 동남구 문암로 76 백석대학교창업보육센터,특화BI ,15,16,100.0,70점 이상
109,충청남도,천안시,백석문화대학교 창업보육센터,대학,2009-06-23,"디자인, ICT, 영상","31198충청남도 천안시 동남구 청수14로 96, 백석문화센터 709호 (청당동)백석문화센터 709호","공예, 디자인",22,27,84.6,70점 이상
110,충청남도,천안시,상명대학교 창업지원센터,대학,2013-09-23,"제조, 정보통신",31066충청남도 천안시 동남구 상명대길 31상명대학교 천안캠퍼스 산학렵력관 M310호 창업보육센터 (안서동),지식서비스,15,18,100.0,70점 이상
111,충청남도,아산시,선문대학교 창업보육센터,대학,1999-08-05,전자부품제조,31460충청남도 아산시 탕정면 선문로221번길 70산학협력관 307A,특화BI ,25,33,95.8,70점 이상
112,충청남도,아산시,순천향대학교창업보육센터,대학,1998-06-22,"Red Bio, Green Bio, Blue ICT",31538충청남도 아산시 신창면 순천향로 22공학관 9225,녹색성장,32,60,77.7,70점 이상
113,충청남도,당진시,신성대학교 창업보육센터,대학,2008-12-24,"제조, 에너지, 식품","31801충청남도 당진시 정미면 대학로 1,산학협력관 창업보육센터",특화BI ,10,18,50.9,70점 미만
114,충청남도,금산군,중부창업보육센터,대학,2021-07-06,그린바이오,"32713충청남도 금산군 추부면 대학로 201, 산학협력관산학협력관",바이오,12,48,79.6,70점 미만
115,충청남도,홍성군,청운대학교 창업보육센터,대학,2012-04-30,지식서비스,32244충청남도 홍성군 홍성읍 대학길 25청운대학교 창업보육센터,지식서비스,24,40,77.2,70점 미만
116,충청남도,천안시,한국기술교육대창업보육센터,대학,1999-08-05,반도체 및 기계분야,31253충청남도 천안시 동남구 병천면 충절로 1600한국기술교육대학교 산학협력관(203호) 창업보육센터,특화BI ,21,24,100.0,70점 이상
117,충청남도,태안군,한서대학교 항공해양창업보육센터,대학,2001-03-12,"항공분야, 해양분야",32158충청남도 태안군 남면 곰섬로 236-49창업보육센터 2관,항공,34,56,95.9,70점 이상
118,충청남도,아산시,호서대학교 벤처창업보육센터,대학,1995-09-25,반도체/디스플레이/나노/문화콘텐츠,"31499충청남도 아산시 배방읍 호서로79번길 20, 벤처창업기업관 202호벤처창업기업관 202호",IT,37,65,84.6,70점 이상
119,대전광역시,유성구,대덕대학교 창업보육센터,대학,2016-04-17,여성창업 및 연구단지 시니어 퇴직자,"34111대전광역시 유성구 가정북로 68, 장동 (장동)장동",시니어,18,28,72.1,70점 이상
120,대전광역시,동구,대전대학교 창업보육센터,대학,2000-04-27,"한방바이오, IT",34520대전광역시 동구 대학로 62(용운동)산학협력관,특화BI ,20,22,100.0,70점 이상
121,대전광역시,동구,대전보건대학교 창업보육센터,대학,2015-04-17,"IT, 보건의료융복합","34504대전광역시 동구 충정로 21, 6동 6408호 (가양동) (가양동)6동 6408호 (가양동)",바이오,7,12,82.4,70점 이상
122,대전광역시,서구,목원대학교창업진흥센터,대학,1999-08-05,인터넷기반의 정보기술  디지털콘텐츠홈네트워크SW솔루션 개발운영공예디자인,35349대전광역시 서구 도안북로 88(도안동) 목원대학교  창업진흥센터 O1관 510호,"IT, 앱개발",62,107,85.8,70점 이상
123,대전광역시,유성구,배재대학교 창업보육센터,대학,2005-12-26,IT NT BT CT,"34015대전광역시 유성구 테크노1로 11-3, 대덕산학협력관 DC301호 (관평동)대덕산학협력관 DC301호",특화BI ,70,140,89.0,70점 이상
124,대전광역시,유성구,충남대학교창업보육센터,대학,2000-04-27,첨단부품 및 신소재 분야,"34134대전광역시 유성구 대학로 99, 산학연교육연구관(W1) 910호 (궁동)산학연교육연구관(W1) 910호",녹색성장,71,135,88.7,70점 이상
125,대전광역시,유성구,한국생명공학연구원 바이오벤처센터,연구소,1999-08-05,바이오산업,34141대전 유성구 과학로 125 한국생명공학연구원벤처동(3동),바이오,8,10,90.0,
126,대전광역시,유성구,한국전력벤처기업육성센터,연구소,2000-04-27,전력/ 에너지 분야,34056대전광역시 유성구 문지로 105(문지동) 한국전력벤처기업육성센터,특화BI ,9,10,90.1,
127,대전광역시,유성구,한남대학교창업보육센터(HNU Science Park),대학,1998-06-22,"바이오, 정밀화학소재",34054대전광역시 유성구 유성대로 1646(전민동),바이오,81,122,94.0,70점 이상
128,대전광역시,유성구,한밭대학교 창업보육센터,대학,1999-08-05,"화학, 신소재",34158대전광역시 유성구 동서대로 125한밭대학교 창업보육센터(S5동 503호) (덕명동),청년창업,45,64,86.5,70점 이상
129,충청북도,충주시,건국대학교 글로컬캠퍼스 창업보육센터,대학,2011-05-23,"바이오, 헬스, 정보통신(BT, HT, ICT)","27478충청북도 충주시 충원대로 268, 건국대학교 글로컬캠퍼스 창업보육센터 106호 (단월동)건국대학교 글로컬캠퍼스 창업보육센터 106호",녹색성장,24,27,89.6,70점 이상
130,충청북도,제천시,대원대학교창업보육센터,대학,1999-08-05,"자동차부품 및 천연물, 한방 분야",27135충청북도 제천시 대학로 316(신월동),지역특화,21,23,76.7,70점 이상
131,충청북도,청주시,서원대창업보육센터,대학,2000-04-27,"화장품, 바이오, 컴퓨터 정보통신, 디자인",28674충북 청주시 서원구 무심서로 377-3(모충동)혁신관 2층,특화BI ,18,22,100.0,70점 이상
132,충청북도,제천시,세명대학교 창업보육센터,대학,2000-04-27,정보처리 인터넷서비스한방바이오산업,27136충청북도 제천시 세명로 65창업보육센터 (신월동),특화BI ,17,25,84.4,70점 이상
133,충청북도,청주시,오송창업보육센터(고려대),대학,2011-05-23,"BT특화(신약개발, 메디바이오 신소재, 차세대 의료기기, 에코바이오, 건강기능성 식품)",28161충청북도 청주시 흥덕구 오송읍 오송생명2로 125고려대학교 의생명공학연구원(오송창업보육센터),바이오,12,30,65.4,70점 이상
134,충청북도,영동군,유원대학교창업보육센터,대학,2000-04-27,"생물분야, 신소재분야",29131충청북도 영동군 영동읍 대학로 310산학협력관 3층 309호,특화BI ,19,59,82.8,70점 미만
135,충청북도,괴산군,중원대학교 창업보육센터,대학,2014-04-22,농공상 융합산업,"28024충청북도 괴산군 괴산읍 문무로 85, 중원대학교 산학협력단 401호중원대학교 산학협력단 401호",특화BI ,20,22,94.1,70점 미만
136,충청북도,청주시,청주대학교창업보육센터,대학,1999-08-05,IT 및 신기술,28497충청북도 청주시 청원구 안덕벌로104번길 28(내덕동)청주대학교 미래창조관 105호,특화BI ,31,36,86.9,70점 이상
137,충청북도,청주시,충북대학교G-테크벤처센터,정부·지자체,2009-04-21,"글로벌및그린창업분야 전기전자반도체,기술집약형산업(IT,BT,ET),충북전략산업관련",28420충청북도 청주시 흥덕구 가로수로 1251충북대학교G-테크벤처센터 107호 창업지원실,특화BI ,22,28,92.2,70점 이상
138,충청북도,청주시,충북대학교창업보육센터,대학,2000-04-27,"IT,BT,ET,BIT,신기술",28644충청북도 청주시 서원구 충대로 1 (개신동)학연산공동기술연구원 204호 창업보육센터,특화BI ,39,42,97.9,70점 이상
139,충청북도,옥천군,충북도립대학창업보육센터,대학,1999-08-05,바이오 식품 특화,29046충청북도 옥천군 옥천읍 대학길 15창업보육센터,특화BI ,2,17,9.3,70점 미만
140,충청북도,청주시,충북보건과학대학교 창업보육센터,대학,1998-06-22,"전기전자, 바이오",28150충청북도 청주시 청원구 내수읍 덕암길 10충북보건과학대학교내 창업보육센터,특화BI ,25,35,91.2,70점 이상
141,충청북도,청주시,충청대학교창업보육센터,대학,1999-02-22,식품·생명분야,28171충청북도 청주시 흥덕구 강내면 월곡길 38충청대학교 창업보육센터,특화BI ,33,47,77.6,70점 미만
142,충청북도,충주시,한국교통대학교 창업보육센터,대학,1999-02-27,"IT,BI,NT,ET 등 제조",27469충청북도 충주시 대소원면 대학로 50한국교통대학교 창업보육센터,특화BI ,36,55,82.4,70점 이상
143,세종특별자치시,조치원읍,세종창업키움센터,테크노파크·창조경제혁신센터,2021-07-06,"스마트시티, 스마트팜, 자율주행, 소셜벤처","30033세종특별자치시 조치원읍 세종로 2296, 세종창업키움센터세종창업키움센터",특화BI ,13,15,90.6,
144,세종특별자치시,장군면,한국영상대학교 창업보육센터,대학,2014-04-22,"방송,영상콘텐츠제작,IT",30056세종특별자치시 장군면 대학길 300한국영상대학교 진리관 창업보육센터,특화BI ,14,14,100.0,70점 미만
145,세종특별자치시,조치원읍,홍익대학교 벤처기업창업보육센터,대학,1999-02-27,"컴퓨터정보통신, 멀티미디어디자인",30016세종특별자치시 조치원읍 세종로 2639산학협력관 201호,특화BI ,21,24,90.2,70점 이상
146,부산광역시,남구,경성대학교창업보육센터,대학,1999-08-05,IT/친환경소재,48434부산광역시 남구 수영로 309산학협력관(10관) 401호 창업보육센터 행정실,특화BI ,12,14,95.5,70점 이상
147,부산광역시,남구,동명대학교창업보육센터,대학,1999-02-27,"IT, 제조 기계자동화",48520부산광역시 남구 신선로 428(용당동) 학생복지관 404호,특화BI ,19,21,100.0,70점 이상
148,부산광역시,사상구,동서대Dream.E.Valley,대학,1999-08-05,"IT, 디자인, 디지털콘텐츠, 영화영상",47011부산광역시 사상구 주례로 47 (주례동)동서대학교 Dream E. Valley 2층 A205호,특화BI ,21,22,100.0,70점 이상
149,부산광역시,사하구,동아대학교창업보육센터,대학,1998-06-22,"제조, 바이오, IT",49315부산광역시 사하구 낙동대로550번길 37동아대학교 산학연구관 301호 창업보육센터 (하단동),녹색성장,32,66,61.6,70점 이상
150,부산광역시,부산진구,동의대학교 창업보육센터,대학,1999-08-05,"신소재, 메카트로닉스, 환경 및 IT분야",47340부산광역시 부산진구 엄광로 176동의대학교 산학협력관 109호,IT,19,28,84.8,70점 이상
151,부산광역시,남구,부경대학교 창업보육센터,대학,1999-08-05,"기계/제조, 정보통신, 전기/전자, 부품, 소재, 수산 분야 등",48547부산광역시 남구 신선로 365산학협력관 창업보육센터 307호 (용당동),특화BI ,60,116,70.4,70점 이상
152,부산광역시,금정구,부산가톨릭대학교창업보육센터,대학,2000-04-27,"환경,제조,IT,의료보건","46252부산광역시 금정구 오륜대로 57, 부산가톨릭대학교 (부곡동)부산가톨릭대학교",특화BI ,18,20,100.0,70점 이상
153,부산광역시,금정구,부산대학교 중소기업창업보육센터,대학,1999-02-27,기계/장비제조업자동차,46241부산광역시 금정구 부산대학로63번길 2(장전동)창업보육센터,특화BI ,30,49,90.2,70점 이상
154,부산광역시,북구,부산이노비즈센터,정부·지자체,2004-07-08,POST-BI,46570부산광역시 북구 만덕3로16번길 1(만덕동)101호,특화BI ,16,21,100.0,70점 이상
155,부산광역시,해운대구,영산대학교 지식창업보육센터,대학,1999-08-05,전자상거래 인터넷무역특허및신제품개발,"48015부산광역시 해운대구 반송순환로 142M동 9층 9901호실 지식창업보육센터 (반송동,영산대학교)",특화BI ,16,28,53.0,70점 미만
156,부산광역시,강서구,중소조선연구원 창업보육센터,연구소,2010-04-02,해양레저산업,46757부산광역시 강서구 녹산산단232로 38-6(송정동),녹색성장,14,18,100.0,70점 이상
157,부산광역시,부산진구,한국신발피혁연구원 창업보육센터,연구소,2002-03-20,신발 및 피혁 부품소재분야,47154부산광역시 부산진구 당감서로 152(당감동),특화BI ,11,13,100.0,70점 이상
158,부산광역시,북구,한국폴리텍Ⅶ대학 부산캠퍼스 창업보육센터,대학,2000-04-27,"기계,전기,전자,자동화,정보통신",46550부산광역시 북구 만덕대로155번길 99(덕천동) 산학협력처 6102호(도서관),특화BI ,6,7,100.0,70점 미만
159,부산광역시,영도구,한국해양대학교 해양벤처진흥센터,대학,2000-10-31,"조선, 기자재 , 선박장비, 항만,물류, 해양수산",49112부산광역시 영도구 태종로 727(동삼동),특화BI ,22,28,100.0,70점 이상
160,울산광역시,남구,울산과학대학교 창업보육센터,대학,2019-07-11,"기계, 전자, 화학","44610울산광역시 남구 대학로 57, 창의혁신관 3층 (무거동)창의혁신관 3층",정밀화학,20,23,94.4,70점 미만
161,울산광역시,남구,울산대학교 창업보육센터,대학,2001-09-01,"자동차, 조선, 부품, 정밀화학, 에너지, 환경",44610울산광역시 남구 대학로 93(무거동)울산대학교 산학협동관(35호관) 302호,특화BI ,23,42,71.5,70점 이상
162,대구광역시,북구,경북대학교창업보육센터,대학,1999-08-05,"전기, 전자, 바이오",41566대구광역시 북구 대학로 80(산격동),특화BI ,27,28,95.0,70점 이상
163,대구광역시,남구,계명대학교 창업보육센터,대학,1998-06-22,"문화/콘텐츠, 디자인",42403대구광역시 남구 명덕로 104(대명동)동산관 143호,특화BI ,40,47,96.5,70점 이상
164,대구광역시,달서구,계명문화창업보육센터,대학,2017-04-04,문화예술디자인,"42601대구광역시 달서구 달서대로 675, 계명문화창업보육센터 (신당동)복지관 3층 7304호 행정실",문화컨텐츠,9,10,93.4,70점 이상
165,대구광역시,달성군,국가물산업클러스터 창업보육센터,공공기관·협단체,2021-07-06,"물, 환경","43008대구광역시 달성군 구지면 국가산단대로40길 20, 국가물산업클러스터 워터캠퍼스 3층국가물산업클러스터 워터캠퍼스 3층",지역특화,12,12,100.0,70점 미만
166,대구광역시,달서구,대구경북중소기업청경북대학교중소기업성장지원센터,정부·지자체,2008-07-25,"IT,전자,기계","42818대구광역시 달서구 중흥로 20, 1층 기업지원실 (송현동)1층 기업지원실",IT,15,22,88.1,70점 이상
167,대구광역시,달서구,대구공업대학교 창업보육센터,대학,2008-12-24,"전기, 전자, 기계",42734대구광역시 달서구 송현로 205대구공업대학교 창업보육센터 403호,특화BI ,16,21,77.4,70점 이상
168,대구광역시,중구,대구광역시 의료관광창업지원센터,정부·지자체,2017-04-04,"의료기반산업, 의료서비스산업, 의료관광산업","41910대구광역시 중구 태평로 160, 12층 (북성로1가)12층",의료기기,14,16,98.7,70점 미만
169,대구광역시,달서구,대구드림파크 (포스트BI),공공기관·협단체,1996-12-29,신재생에너지 및 기계가공,42702대구광역시 달서구 성서공단북로 235(신당동),특화BI ,16,22,94.1,70점 이상
170,대구광역시,북구,대구보건대학교 창업보육센터,대학,2000-04-27,"의료기기, 안경, 식품",41453대구광역시 북구 영송로 15(태전동),의료기기,41,57,72.9,70점 이상
171,대구광역시,동구,대구스케일업허브(DASH),정부·지자체,2021-12-14,기술창업,"41260대구광역시 동구 동대구로 465, 신천동 (신천동)신천동",지역특화,56,57,91.9,
172,대구광역시,수성구,수성대학교 창업보육센터,대학,2000-04-27,"ICT융복합, 제조분야","42078대구광역시 수성구 달구벌대로528길 15, 4층 산학협력단 (만촌동)4층 산학협력단","공예, 디자인",22,26,97.6,70점 이상
173,대구광역시,남구,영남이공대학교창업보육센터,대학,1999-02-27,전기전자 / IT,42415대구광역시 남구 현충로 170영남이공대학교 창업보육센터 5층 (대명동),의료기기,25,31,95.6,70점 이상
174,경상북도,울진군,(재)환동해산업연구원 창업보육센터,정부·지자체,2019-07-11,해양바이오 분야,"36315경상북도 울진군 죽변면 해양과학길 22, (재)환동해산업연구원(재)환동해산업연구원",바이오,12,20,59.8,70점 이상
175,경상북도,포항시,RIST창업보육센터(리스트),연구소,1999-03-19,"연구개발,기술지원,시제품생산,경영지원 등",37673경상북도 포항시 남구 청암로 67(효자동)(RIST 창업보육센터),특화BI ,5,10,96.4,70점 미만
176,경상북도,칠곡군,경북과학대학교 창업보육센터,대학,2001-03-12,"바이오식품, 기능성포장재, 기능성안료",39913경상북도 칠곡군 기산면 지산로 634산학협력관 101호,특화BI ,8,11,75.4,
177,경상북도,예천군,경북도립대학교창업보육센터,대학,2002-03-20,생물농업분야. 자동화분야,36830경상북도 예천군 예천읍 도립대학길 114경북도립대학교 창업보육센터,특화BI ,9,11,78.4,70점 이상
178,경상북도,영주시,경북전문대학교 창업보육센터,대학,2021-07-06,청년창업,"36133경상북도 영주시 대학로 77, 영주148아트스퀘어 2층 (휴천동)영주148아트스퀘어 2층",청년창업,3,9,50.0,70점 미만
179,경상북도,구미시,경운대학교창업보육센터,대학,2002-03-20,멀티미디어 컨텐츠 및 가상 현실 영상제작,39160경상북도 구미시 산동면 강동로 730창업보육센터,IT,33,48,68.9,70점 미만
180,경상북도,경산시,경일대학교창업보육센터,대학,2002-03-20,"IT융복합(전기,전자,정보통신), 기계재료,자동차부품","38428경상북도 경산시 하양읍 가마실길 50RnDB센터, 산학협력관",특화BI ,39,66,80.4,70점 이상
181,경상북도,구미시,구미대학교 창업보육센터,대학,2000-04-27,"전기,전자,통신,기계분야",39213경상북도 구미시 야은로 37(부곡동),특화BI ,16,27,85.8,70점 미만
182,경상북도,구미시,구미시 창업보육센터,정부·지자체,2004-10-29,Mechatronix 및 부품소재관련,"39374경상북도 구미시 1공단로 144, 행정지원실 (공단동)행정지원실",특화BI ,23,30,76.4,70점 이상
183,경상북도,구미시,금오공과대학교 창업원 창업보육센터,대학,1999-02-27,"그린에너지, 의료기기, 전기전자, 기계",39177경상북도 구미시 대학로 61(양호동) 벤처창업관 313호,특화BI ,39,58,82.4,70점 이상
184,경상북도,경산시,대경대학교창업보육센터,대학,2001-03-12,CT(Culture Technology) 산업,"38547경상북도 경산시 자인면 단북1길 65, 대경대학교 창업보육센터대경대학교 창업보육센터",특화BI ,8,13,89.4,70점 미만
185,경상북도,경산시,대구가톨릭대학교창업보육센터,대학,2000-04-27,"농공상융합, 식품특성화, 바이오, 생명공학, 의료기기교육",38430경상북도 경산시 하양읍 하양로 13-13(금락리) 대구가톨릭대학교 창업보육센터,농공상융합기업,30,43,94.7,70점 이상
186,경상북도,영천시,대구대학교 창업보육센터,대학,1999-08-05,"정보통신,기계,바이오","38911경상북도 영천시 금호읍 대구대길 333, 창업보육센터2호관 1119호 행정실창업보육센터2호관 1119호 행정실",녹색성장,67,85,83.6,70점 이상
187,경상북도,경산시,대구한의대학교 한방바이오창업보육센터,대학,2007-01-24,한방바이오산업,38578경상북도 경산시 어봉지길 285-10산학협력관 111호 창업보육센터,바이오,37,44,86.6,70점 이상
188,경상북도,경주시,동국대학교벤처창업보육센터(경주),대학,1999-02-27,"신성장동력(신재생에너지, IT융복합)",38066경북 경주시 동대로 123동국대학교경주캠퍼스 산학협력단 벤처창업보육센터,녹색성장,42,79,75.7,
189,경상북도,영주시,동양대학교창업보육센터,대학,2000-04-27,농공상융합,36040경북 영주시 풍기읍 동양대로  145동양대학교 창업보육센터,바이오,25,46,67.5,70점 이상
190,경상북도,경주시,서라벌창업보육센터,대학,2023-06-27,"신재생, IT창업","38063경상북도 경주시 태종로 516, 서라벌대학교 (충효동)서라벌대학교 공학2관",예비창업자,0,0,0.0,
191,경상북도,안동시,안동대학교 창업지원센터,대학,1998-06-22,"식품, 바이오",36729경북 안동시 경동로 1375안동대학교 창업지원센터,바이오,11,17,100.0,70점 이상
192,경상북도,경산시,영남대학교 창업보육센터,대학,2000-04-27,전자부품소재,38541경북 경산시  대학로 280영남대학교 CRC센터 309호,녹색성장,46,80,76.4,70점 미만
193,경상북도,칠곡군,영진전문대학교 창업보육센터,대학,2021-07-06,기계/전자 제조,"39866경상북도 칠곡군 지천면 금송로 60, 영진전문대학교 글로벌캠퍼스 토탈테크노관(2관) 4층영진전문대학교 글로벌캠퍼스 토탈테크노관(2관) 4층",특화BI ,11,13,79.1,70점 미만
194,경상북도,경주시,위덕대창업보육센터,대학,1999-08-05,IT업종 및 친환경 전기에너지 관련 기업보육,38004경상북도 경주시 강동면 동해대로 261산학협력단 (성취관109호),특화BI ,11,13,100.0,70점 이상
195,경상북도,포항시,포항공과대학교 기술지주 창업보육센터,대학,1999-02-27,"바이오/의료, IT, 신소재",37673경상북도 포항시 남구 청암로 77 (지곡동)포항공과대학교 창업보육센터 무은재기념관 208호,IT,19,26,92.4,70점 이상
196,경상북도,포항시,포항대학교창업보육센터,대학,2000-04-27,정보통신기반기술식품개발사업 해양환경기술관광마케팅 정보통신기반기술,37555경상북도 포항시 북구 흥해읍 신덕로 60 (양덕동)경북 포항시 북구 흥해읍 신덕로 60 창업보육센터,특화BI ,18,21,87.7,70점 이상
197,경상북도,포항시,한동대학교창업보육센터,대학,1999-08-05,"정보통신, 청년창업 분야, 바이오",37554경상북도 포항시 북구 흥해읍 한동로 558한동대학교 창업보육센터 행정실,특화BI ,23,30,89.3,70점 미만
198,경상남도,진주시,(재)진주바이오산업진흥원 창업보육센터,정부·지자체,2014-04-22,바이오분야,52839경상남도 진주시 문산읍 월아산로 991진주바이오산업진흥원 창업보육센터,바이오,8,10,80.5,70점 이상
199,경상남도,창원시,경남대학교 창업보육관,대학,1999-02-27,"화학, IT, 일반제조 등",51734경상남도 창원시 마산합포구 3·15대로 298(서성동),특화BI ,27,35,100.0,70점 이상
200,경상남도,거창군,경남도립거창대학디자인창업보육센터,대학,2000-04-27,"항노화(농산물)분야, 드론분야",50147경상남도 거창군 거창읍 거창대학로 72창업보육센터,"공예, 디자인",12,12,91.7,70점 이상
201,경상남도,진주시,경상국립대학교 창업보육센터,대학,1999-08-05,기계.장비제조,52828경상남도 진주시 진주대로 501(가좌동),특화BI ,35,47,98.0,70점 이상
202,경상남도,진주시,경상국립대학교 칠암창업보육센터,대학,2000-10-31,생명공학 및 메카트로닉스 분야,52725경상남도 진주시 동진로 33산학협력관 창업보육센터 2층 204호 (칠암동),특화BI ,20,24,96.1,70점 이상
203,경상남도,창원시,경상남도창업보육센터(GNBI),테크노파크·창조경제혁신센터,2001-10-18,IT 및  S/W,51347경상남도 창원시 마산회원구 봉암북7길 21(봉암동),"IT, 앱개발",20,32,62.7,70점 미만
204,경상남도,양산시,동원과학기술대학교창업보육센터,대학,2000-04-27,"기계, 장비제조",50578경상남도 양산시 명곡로 321(명곡동)창업보육센터 2층 2204호,특화BI ,9,18,44.4,70점 이상
205,경상남도,창원시,로봇창업보육센터,테크노파크·창조경제혁신센터,2015-04-17,"로봇,기계,IT","51787경상남도 창원시 마산합포구 진북면 산단2길 132, (재)경남테크노파크 제조로봇기술센터(재)경남테크노파크 제조로봇기술센터",특화BI ,9,10,100.0,70점 미만
206,경상남도,창원시,마산대학교 창업지원센터,대학,1999-08-05,"스마트제조, 바이오헬스, 웰니스",51217경상남도 창원시 마산회원구 내서읍 함마대로 2640창업보육센터,특화BI ,17,20,95.8,70점 미만
207,경상남도,밀양시,부산대학교 밀양캠퍼스 창업보육센터,대학,2002-03-20,기계장비  IT분야 바이오,50463경상남도 밀양시 삼랑진읍 삼랑진로1268-50,특화BI ,11,12,85.0,70점 이상
208,경상남도,양산시,부산대학교 양산캠퍼스 스마트바이오 창업보육센터,대학,2022-09-13,"바이오, ICT, 나노융합","50612경상남도 양산시 물금읍 부산대학로 49, 부산대학교 양산캠퍼스 첨단의생명융합센터 204호부산대학교 양산캠퍼스 첨단의생명융합센터 204호",바이오,5,10,78.4,
209,경상남도,진주시,세라믹스창업보육센터,연구소,2000-04-27,세라믹,52851경상남도 진주시 소호로 109(충무공동 15-3),특화BI ,14,14,100.0,70점 이상
210,경상남도,양산시,영산대학교그린창업보육센터,대학,1999-08-05,그린산업(친환경 수송기계부품 및 IT융복합),50510경상남도 양산시 주남로 288(주남동),녹색성장,41,60,93.8,70점 이상
211,경상남도,김해시,인제대김해창업보육센터,대학,1999-02-27,"기계, 바이오 산업",50834경상남도 김해시 인제로 197(어방동) 창조관 416호,특화BI ,28,36,90.6,70점 이상
212,경상남도,창원시,창신대학교 창업보육센터,대학,2022-06-15,"스마트융합(ICT, 항공·기계, 소방), 헬스케어","51352경상남도 창원시 마산회원구 팔용로 262, 제3호관 5층, 창업보육센터 (합성동)제3호관 5층, 창업보육센터",보건의료,9,9,100.0,
213,경상남도,창원시,창원대학교 창업보육센터,대학,1999-02-27,메카트로닉스관련 제조업,51140경상남도 창원시 의창구 창원대학로 2082호관 324호,특화BI ,18,24,92.4,70점 이상
214,경상남도,창원시,창원문성대학교 창업지원단 창업보육센터,대학,1999-08-05,기계(장비) 제조 및 IT(소프트웨어 개발),51410경상남도 창원시 의창구 충혼로 91벤처창업관 1층 창업보육센터,특화BI ,27,31,85.3,70점 이상
215,경상남도,진주시,한국국제대학교 창업보육센터,대학,1998-06-22,기능성 식품 개발,52833경상남도 진주시 문산읍 동부로 965동부로 965,특화BI ,11,11,63.6,70점 이상
216,경상남도,창원시,한국전기연구원 기술창업센터,연구소,1999-02-27,전기전자 정보통신,"51542경상남도 창원시 성산구 전기의길 10, 창업보육센터 (성주동)창업보육센터",특화BI ,16,19,88.0,70점 이상
217,전라남도,광양시,광양보건대학교창업보육센터,대학,2000-04-27,"환경, 화학, 금속, 디자인,IT","57764전라남도 광양시 광양읍 대학로 85, 광양보건대학교 등용관 창업보육센터광양보건대학교 등용관 창업보육센터",특화BI ,12,15,81.3,70점 미만
218,전라남도,장성군,나노융합의료부품소재창업보육센터,연구소,2009-06-29,"나노바이오초임계추출, 의료기기, 화장품","57248전라남도 장성군 남면 나노산단로 123, 나노바이오연구센터나노바이오연구센터",농공상융합기업,14,21,69.9,70점 이상
219,전라남도,나주시,동신대학교 창업보육센터,대학,1999-02-27,"에너지, 바이오, 서비스","58245전라남도 나주시 동신대길 34-15, 산학협력관 211호창업보육센터 (대호동)산학협력관 211호창업보육센터",특화BI ,16,19,82.3,70점 이상
220,전라남도,무안군,목포대학교 창업보육센터,대학,1999-02-27,"식품가공, 기계장비 제조업",58554전라남도 무안군 청계면 영산로 1666목포대학교 창업보육센터 102호,특화BI ,13,18,89.8,70점 이상
221,전라남도,목포시,목포수산식품지원센터 창업보육센터,정부·지자체,2018-05-28,수산 가공식품,58621전라남도 목포시 고하대로719번길 52(연산동)생산동 2층 생산경영관리실,특화BI ,9,13,77.9,
222,전라남도,목포시,목포해양대학교 창업보육센터,대학,2002-03-20,해양기자재 제조업,58628전라남도 목포시 해양대학로 91목포해양대학교 창업보육센터,특화BI ,13,15,83.8,70점 미만
223,전라남도,곡성군,바이오융합 창업보육센터(친환경),연구소,2011-05-23,"곤충, 미생물, 농생명 관련 분야",57509전라남도 곡성군 입면 입면로 437바이오융합 창업보육센터,바이오,13,20,76.9,70점 이상
224,전라남도,순천시,순천대창업보육센터,대학,1998-06-22,"시스템,소재","57922전라남도 순천시 중앙로 255, 순천대학교 국제문화컨벤션관 310호 창업보육센터순천대학교 창업보육센터",특화BI ,12,14,85.5,70점 이상
225,전라남도,여수시,전남대학교 여수창업보육센터,대학,2005-12-08,바이오 환경 산업,59626전라남도 여수시 대학로 50(둔덕동) 산학연구관 514호,특화BI ,14,17,100.0,70점 이상
226,전라남도,담양군,전남도립대학교 창업보육센터,대학,2014-04-22,ICT융합 녹색산업,57337전라남도 담양군 담양읍 죽녹원로 152전남도립대학교 창업보육센터,특화BI ,9,16,52.9,70점 미만
227,전라남도,강진군,전남환경산업진흥원창업보육센터,정부·지자체,2014-04-22,"환경산업(신재생,수질,대기,폐기물 등)",59205전라남도 강진군 성전면 강진산단로1길 1전라남도환경산업진흥원,특화BI ,8,15,53.3,70점 미만
228,전라남도,장흥군,천연소재실용화 창업보육센터(천연자원),연구소,2012-04-30,"천연자원을 활용한 건강식품, 의약품 및 기타 가공산업분야",59315전라남도 장흥군 장흥읍 산단1로 50천연자원연구원 창업보육센터,바이오,22,37,87.9,70점 이상
229,전라남도,나주시,한국전력 창업보육센터,공공기관·협단체,2021-07-06,에너지신산업(기존 전력분야 포함),58324전라남도 나주시 그린로 370 (빛가람동)2층 (빛가람동),특화BI ,13,15,95.0,70점 미만
230,광주광역시,북구,광주과학기술원 기술사업화센터,대학,2000-04-27,"AI, 드론, 4차산업, 에너지",61005광주광역시 북구 첨단과기로 123  (오룡동)첨단과기로 123(오룡동) 광주과학기술원 기업지원센터,녹색성장,60,77,86.9,70점 미만
231,광주광역시,남구,광주대학교창업보육센터,대학,1999-08-05,"소방공사,탈취기,대기환경정보표시장치,컴팩트인풋디바이스,통합유지보수솔루션,소프트웨어개발,공기청정기등",61743광주광역시 남구 효덕로 277(진월동),특화BI ,12,17,94.1,70점 이상
232,광주광역시,광산구,광주드림파크 (포스트BI),공공기관·협단체,1996-12-29,기계전기전자,62215광주광역시 광산구 하남산단천변좌로 19(오선동),특화BI ,16,23,82.6,70점 이상
233,광주광역시,광산구,남부대학교 창업보육센터,대학,2009-06-29,부품소재,62271광주광역시 광산구 남부대길 38남부대 창업보육센터,특화BI ,33,41,85.6,70점 이상
234,광주광역시,북구,동강대학교창업보육센터,대학,1999-08-05,"광산업,  IT산업, 녹색산업","61200광주광역시 북구 동문대로 50, 동강대학교 산학협력관 (두암동)동강대학교 산학협력관",IT,26,30,100.0,70점 이상
235,광주광역시,남구,송원대학교창업보육센터,대학,2001-03-12,"기계자동차, 에너지, 전기전자",61756광주광역시 남구 송암로 73청솔관 2층,특화BI ,19,19,100.0,
236,광주광역시,북구,전남대학교 창업보육센터,대학,1999-02-27,바이오환경 신소재개발 IT분야,61186광주 북구  용봉로 77지앤알허브 420호,바이오,56,58,94.8,70점 이상
237,광주광역시,동구,조선대학교창업보육센터,대학,1998-06-22,"바이오, 광산업, 첨단부품 소재, 전자부품",61452광주광역시 동구 필문대로 309(서석동),바이오,61,87,83.5,70점 이상
238,광주광역시,광산구,호남대창업보육센터,대학,1999-02-27,"AI산업, 미래자동차, 에너지신산업","62399광주광역시 광산구 호남대길 47, 호남대학교 창업보육센터(현명관 5호관 3층) 5313호 행정지원실 (서봉동)호남대학교 창업보육센터(현명관 5호관 3층) 5313호 행정지원실",특화BI ,15,20,96.5,70점 이상
239,전라북도,군산시,군산대학교 창업보육센터,대학,2000-04-27,"제조업, IT, 해양",54150전라북도 군산시 대학로 558(미룡동),특화BI ,13,15,100.0,70점 미만
240,전라북도,전주시,바이오플렉스(Bio Plex) 창업보육센터,정부·지자체,2013-11-20,"바이오, 식품",54810전라북도 전주시 덕진구 원장동길 111-18(장동)452-69,바이오,14,19,88.2,70점 이상
241,전라북도,전주시,에코인쇄전자창업보육센터,연구소,2010-04-02,"유연인쇄전자. 디스플레이, 반도체, 자동차 전장, 신재쟁, IoT",54853전라북도 전주시 덕진구 반룡로 111(팔복동2가) 한국전자기술연구원 에코인쇄전자창업보육센터,녹색성장,13,26,100.0,70점 미만
242,전라북도,익산시,에코파이버 창업보육센터,연구소,2013-04-01,"섬유, 패션, 융복합소재","54588전라북도 익산시 서동로 594, 에코융합섬유연구원 에코파이버 창업보육센터 (석암동) (석암동)에코융합섬유연구원 에코파이버 창업보육센터 (석암동)",특화BI ,10,10,100.0,70점 이상
243,전라북도,완주군,우석대학교 창업보육센터,대학,1999-08-05,"소프트웨어개발,디자인",55338전라북도 완주군 삼례읍 삼례로 443우석대학교 본관 7층 716호 창업보육센터,특화BI ,22,30,68.3,70점 이상
244,전라북도,익산시,원광대학교 IT·BT창업보육센터,대학,2000-04-27,Information Technology Biotech Technology,54538전라북도 익산시 익산대로 460 원광대학교창업보육센터,IT,43,75,65.6,70점 미만
245,전라북도,익산시,익산창업보육센터,민간기관,2017-12-22,"홀로그램, 에너지, IT",54630전라북도 익산시 동서로 370(영등동)익산종합비즈니스센터 6층,바이오,10,12,100.0,70점 이상
246,전라북도,정읍시,전북과학대학교창업보육센터,대학,2000-04-27,"메카트로닉스, 농생명, 문화관광, 정보통신",56204전라북도 정읍시 정읍사로 509(시기동),특화BI ,17,21,100.0,70점 이상
247,전라북도,전주시,전북대창업보육센터,대학,1998-06-22,"전기전자 메카트로닉스. 식품생물, 녹색 신성장동력",54896전라북도 전주시 덕진구 백제대로 567(금암동),녹색성장,61,83,97.1,70점 이상
248,전라북도,전주시,전주대학교 창업보육센터,대학,1999-08-05,"IT, BT, CT","55069전라북도 전주시 완산구 천잠로 303, 벤처창업관 (효자동2가)벤처창업관",문화컨텐츠,55,102,71.6,70점 이상
249,전라북도,전주시,전주비전대학교창업보육센터,대학,2001-03-12,"전기, 전자, 신재생에너지","55069전라북도 전주시 완산구 천잠로 235, 실습동 212호 , 전주비전대학교 창업보육센터 (효자동2가)실습동 212호 , 전주비전대학교 창업보육센터",특화BI ,28,42,80.5,70점 이상
250,전라북도,전주시,탄소융합부품소재창업보육센터,정부·지자체,2012-04-30,"탄소융합부품소재, 탄소복합소재","54853전라북도 전주시 덕진구 원만성로 106, 탄소융합부품소재 창업보육센터 (팔복동2가)탄소융합부품소재 창업보육센터",특화BI ,17,34,66.7,70점 미만
251,전라북도,전주시,한국농수산대학교 창업보육센터,대학,2001-03-12,"농생명 ICT, 스마트팜, 농수산물 가공 및 연구개발, 관련분야 전후방산업","54874전라북도 전주시 덕진구 콩쥐팥쥐로 1515, 한국농수산대학교 창업보육센터 (중동)한국농수산대학교 창업보육센터",농업,20,20,100.0,70점 이상
252,전라북도,군산시,호원대학교창업보육센터,대학,1999-08-26,"IoT융합,부품,센서",54058전라북도 군산시 임피면 호원대3길 64호원대학교 산학협력관 301호 창업보육센터,특화BI ,13,15,89.0,70점 이상
253,전라북도,전주시,희망전북 POST-BI,정부·지자체,2009-04-21,"광, 기계, 전자",54882전라북도 전주시 덕진구 상리1길 34(팔복동2가),특화BI ,15,22,84.6,70점 이상
254,제주특별자치도,제주시,제주관광대학창업보육센터,대학,2001-03-12,"청정헬스푸드형 식품기업및 향장품, 디자인,영상, 4차산업(IOT)",63063제주특별자치도 제주시 애월읍 평화로 2715창업보육센터,특화BI ,20,23,88.7,70점 이상
255,제주특별자치도,제주시,제주국제대학교창업보육센터,대학,2000-04-27,"신항공산업, 지능형관관컨텐츠, 스마트그리드, 정보통신, 4차산업혁명기업",63309제주특별자치도 제주시 516로 2870(영평동)제주국제대학교,특화BI ,19,19,100.0,70점 이상
256,제주특별자치도,제주시,제주대학교 창업보육센터,대학,1998-06-22,바이오/환경,63169제주특별자치도 제주시 중앙로14길 21제주대학교 창업보육센터터 2층 행정실 (삼도이동),지역특화,42,65,68.6,70점 이상
257,제주특별자치도,제주시,제주한라대학교창업보육센터,대학,2002-03-20,정보기술  및 생명공학,"63092제주특별자치도 제주시 한라대학로 38, 노형동 (노형동)노형동",특화BI ,9,17,100.0,70점 이상
