번호,지역, 시군구,센터명,운영주체별,연락처,주력보육분야,우편번호,주소,상세주소
1,서울특별시,마포구,BM GATE 창업센터,대학,02-6953-9217,"AI, 컨텐츠, 뉴미디어",03925,서울특별시 마포구 월드컵북로 402 (상암동),12층
2,서울특별시,동작구,Creative Business Center,대학,02-820-6587,"바이오, 의학, ICT, 문화예술, 소셜벤처",06974,서울특별시 동작구 흑석로 84 (흑석동),중앙대학교 102관 1002-1호
3,서울특별시,광진구,건국대학교 창업보육센터,대학,02-450-3387,ICT 및 BIO,05029,서울특별시 광진구 능동로 120 (화양동),건국대학교 창의관 210호
4,서울특별시,동대문구,경희창업보육센터,대학,02-6212-9330,"BT(바이오), IT(정보통신)",02455,"서울특별시 동대문구 회기로 111, 홍릉바이오의료창업센터 (회기동)",홍릉바이오의료창업센터
5,서울특별시,성북구,고려대학교 크림슨창업지원단,대학,02-3290-4813,정보통신공학기술,02841,서울특별시 성북구 안암로 145 (안암동5가),고려대학교 CJ식품안전관 103호
6,서울특별시,관악구,관악S밸리 낙성벤처창업센터,공공기관·협단체,02-871-0527,"AI, IT 등",08789,서울특별시 관악구 낙성대로 2 (봉천동),관악S밸리 낙성벤처창업센터
7,서울특별시,노원구,광운창업지원센터,대학,02-940-8512,"ICT, 에너지바이오, 문화콘텐츠",01886,서울특별시 노원구 석계로18길 23,"(월계동, 삼능스페이스향)3층, KW-TIB"
8,서울특별시,성북구,국민대학교 창업보육센터,대학,02-910-5916,4차 산업,02707,서울특별시 성북구 정릉로 77 (정릉동),창업보육센터
9,서울특별시,중구,동국대학교 창업보육센터,대학,02-2088-2132,"플랫폼, AI",04626,서울특별시 중구 퇴계로36길 2 (필동2가),동국대학교 충무로관 본관 820호
10,서울특별시,마포구,마포비즈니스센터,정부·지자체,02-303-2021,정보통신 및 전기전자,03911,서울특별시 마포구 매봉산로 18 (상암동),창업보육센터
11,서울특별시,강남구,벤처리움,공공기관·협단체,02-2015-9111,AI / ICT,06097,서울특별시 강남구 봉은사로 435 (삼성동),한국통신사업자연합회빌딩
12,서울특별시,노원구,삼육대학교 창업보육센터,대학,02-3399-3908,교육용멀티미디어,01795,서울특별시 노원구 화랑로 815,(공릉동) 제1실습관 5층 5019호
13,서울특별시,마포구,서강비즈니스센터,대학,02-3274-4869,정보처리 및 기타 컴퓨터 운영 관련업 전자부품 영상 음향 및통신장비제조업,04107,서울특별시 마포구 백범로 35,(신수동) 서강대학교 떼이야르관 503호
14,서울특별시,성북구,서경대학교 창업보육센터,대학,02-940-7270,"문화, 예술, 뷰티, AI",02713,서울특별시 성북구 서경로 124 (정릉동),유담관 16층 창업보육센터
15,서울특별시,서대문구,서대문구-서울시립대학교 창업지원센터,대학,02-3217-8712,"IT정보통신,환경,소셜,디지털",03628,서울특별시 서대문구 통일로 484,공유캠퍼스 23층 창업지원센터
16,서울특별시,노원구,서울과학기술대학교 창업보육센터,대학,02-970-9026,"IT,소프트,콘텐츠,NT,BT",01811,서울특별시 노원구 공릉로 232,(공릉동) 서울과학기술대학교 테크노(62번건물) 3층 302호 창업지원단
17,서울특별시,노원구,서울여자대학교 창업보육센터,대학,02-970-7655,"지식서비스분야(CT, IT, 디자인 등)",01797,서울특별시 노원구 화랑로 621 (공릉동),서울여자대학교 고명우기념관 312호 창업보육센터 행정실
18,서울특별시,성북구,성북구 한성대 벤처창업지원센터,대학,02-941-7257,"정보통신, 플랫폼 개발",02772,서울특별시 성북구 화랑로 211 (장위동),한성대 벤처창업지원센터
19,서울특별시,강북구,성신유니콘센터,대학,02-920-7912,"뷰티테크, 문화예술",01133,서울특별시 강북구 도봉로76가길 55 (미아동),B동 1층
20,서울특별시,광진구,세종대학교 창업지원센터,대학,02-3408-3884,"정보통신,디지털콘텐츠,앱개발",05006,서울특별시 광진구 능동로 209 (군자동),군자관 603A호
21,서울특별시,용산구,숙명여자대학교 창업보육센터,대학,02-2077-7674,"스마트푸드테크, 문화컨텐츠, 여성, 지역",04310,서울특별시 용산구 청파로47길 100,백주년기념관 413호
22,서울특별시,동작구,숭실대학교 벤처중소기업센터,대학,02-829-8211,정보처리 및 컴퓨터운영 관련업,06978,서울특별시 동작구 상도로 369,(상도동) 벤처중소기업센터 409호
23,서울특별시,마포구,아트앤디자인테크 창업보육센터,대학,02-336-1163,"아트앤디자인, 아트앤디자인 테크 결합",04068,서울특별시 마포구 독막로 101 (상수동),BR엘리텔 빌딩 616호
24,서울특별시,강남구,여성기업종합지원센터,공공기관·협단체,02-369-0913,여성창업지원,06224,서울특별시 강남구 역삼로 221,(역삼동) 6층
25,서울특별시,서대문구,이화여자대학교 창업지원단,대학,02-3277-5081,"문화·콘텐츠, 생명·바이오 등",03759,서울특별시 서대문구 북아현로 150 (신촌동),이화여자대학교 산학협력관 522호
26,서울특별시,노원구,인덕대학교 창업지원단,대학,02-950-7095,학생창업지원사업,01878,서울특별시 노원구 초안산로 12 (월계동),인덕대학교 제1공학관 4층 창업지원단
27,서울특별시,영등포구,장애인기업종합지원센터,공공기관·협단체,02-2181-6512,장애인 특화 창업보육,07230,서울특별시 영등포구 버드나루로14길 25,(당산동)7층
28,서울특별시,강서구,주식회사 알파브라더스 창업보육센터,민간기관,1588-9078,"ICT(플랫폼, E-commerce, SaaS)",07567,"서울특별시 강서구 공항대로45길 75, 제일빌딩 5층 (등촌동)",제일빌딩 5층
29,서울특별시,강남구,팁스타운,공공기관·협단체,02-3440-7436,TIPS프로그램,06247,서울특별시 강남구 역삼로 165,(역삼동)3층 팁스타운 기획본부
30,서울특별시,성동구,한양대학교 창업보육센터,대학,02-2220-1340,정보통신(IT),04763,서울특별시 성동구 왕십리로 222 (사근동),한양대학교 창업지원단
31,서울특별시,서초구,호서대학교 서울창업보육센터,대학,02-2059-2383,"반도체,디스플레이,나노,문화콘텐츠",06724,서울특별시 서초구 남부순환로 2497,(서초동)601호 경영지원실
32,서울특별시,성북구,홍릉벤처밸리 창업보육센터,민간기관,02-958-6687,"바이오, ICT",02792,서울특별시 성북구 화랑로14길 5 (하월곡동),한국과학기술연구원(KIST) V-1동 101호
33,경기도,화성시,KAIST-화성시 동탄 사이언스 허브,민간기관,031-373-3532,"반도체,소재,AI,로봇",18478,경기도 화성시 동탄역로 160 (오산동),롯데백화점 동탄점 B3
34,경기도,부천시,가톨릭대학교 창업보육센터,대학,02-2164-4730,"BT,IT,문화컨텐츠",14662,경기도 부천시 원미구 지봉로 43 (역곡동),가톨릭대학교 (성심교정)
35,경기도,용인시,강남대학교 창업보육센터,대학,031-283-6178,전기전자 IT,16977,경기도 용인시 기흥구 강남서로 20 (구갈동),강남대학교 창조산학관 102호
36,경기도,시흥시,경기과학기술대학교 창업보육센터,대학,031-496-4596,녹색성장 및 1인기업,15073,경기도 시흥시 경기과기대로 270 (정왕동),경기과학기술대학교 제1중소기업관 H동 207호
37,경기도,안산시,경기도여성창업보육센터,공공기관·협단체,031-270-9755,"전자상거래,컨텐츠비즈니스,IT등",15588,"경기도 안산시 상록구 해안로 705, 1층 (사동)","1층(3동 103~105,107호, 4동 130~133호)"
38,경기도,수원시,경기중소기업성장지원센터,정부·지자체,031-278-9503,IT BT NT 등,16426,경기도 수원시 권선구 수성로 8,(구운동) 경기중소기업성장지원센터
39,경기도,수원시,경기창업보육센터,대학,031-249-8663,"IT, BT",16227,경기도 수원시 영통구 광교산로 154-42,(이의동) 경기대학교 창업보육센터
40,경기도,안산시,경기테크노파크 안산창업보육센터,테크노파크·창조경제혁신센터,031-492-9901,"IT, SW, IT/SW융합",15432,경기도 안산시 단원구 연수원로 104-14,안산정보산업진흥센터
41,경기도,의정부시,경민대학교 창업보육센터,대학,031-828-7581,"의료기기, 전기전자 등",11618,경기도 의정부시 서부로 545 (가능동),창업보육센터 453호
42,경기도,남양주시,경복대학교 창업보육센터,대학,031-570-9831,"지식서비스산업, 신성장동력 등",12051,경기도 남양주시 진접읍 경복대로 425-80,창업보육센터
43,경기도,수원시,경희대학교 국제캠퍼스 창업보육센터,대학,031-201-3714,AI / IT,16710,경기도 수원시 영통구 덕영대로 1731 (영통동),애지원 창업보육센터 202호
44,경기도,성남시,공간정보 창업지원센터,공공기관·협단체,031-759-1373,공간정보,13449,"경기도 성남시 수정구 창업로 43, 판교글로벌비즈센터 업무동 501, 507~510호 (시흥동)","판교글로벌비즈센터 업무동 501, 507~510호"
45,경기도,군포시,군포산업진흥원 창업보육센터,공공기관·협단체,031-380-7133,"IT, 웨어러블 로봇",15880,경기도 군포시 군포첨단산업2로22번길 5 (부곡동),"5층, 6층"
46,경기도,용인시,단국대학교 창업보육센터,대학,031-8005-2806,"IT, ICT",16890,경기도 용인시 수지구 죽전로 152,"글로컬 산학협력관 212호 (죽전동, 단국대학교)"
47,경기도,포천시,대진대학교 창업보육센터,대학,031-539-2883,"전기, 전자, 기계, 무인항공",11159,경기도 포천시 호국로 1007,(선단동) 대진대학교 생활과학관
48,경기도,고양시,동국대학교 BMC 창업보육센터,대학,031-961-5465,"BT(바이오테크, 천연물신약, u-Health기기, 화장품, 기능성소재)",10326,경기도 고양시 일산동구 동국로 32,동국대학교 산학협력관 126호 창업보육센터 (식사동)
49,경기도,성남시,동서울대학교 창업보육센터,대학,031-720-2272,IT융합,13117,경기도 성남시 수정구 복정로 76 (복정동),창업보육센터
50,경기도,화성시,랩클라우드,민간기관,031-280-5375,"바이오, 신약 등",18469,경기도 화성시 동탄기흥로 593-8 (영천동),㈜우정바이오 10F
51,경기도,용인시,명지대 창업보육센터,대학,031-324-1151,"친환경, 반도체",17058,경기도 용인시 처인구 명지로 116 (남동),명지대학교 창업보육센터
52,경기도,성남시,분당서울대학교병원 창업보육센터,공공기관·협단체,031-787-8833,"바이오, 헬스케어",13605,"경기도 성남시 분당구 돌마로 172, 2층 (정자동)",2층
53,경기도,수원시,서울대학교 농생명과학 창업지원센터,대학,031-294-8526,농생명+바이오,16614,경기도 수원시 권선구 서호로 89 (서둔동),창업보육센터
54,경기도,수원시,성균관대학교 창업보육센터,대학,031-290-5088,"BT,IT,NT",16419,경기도 수원시 장안구 서부로 2066 성균관대학교,자연과학캠퍼스 산학협력센터 85361호
55,경기도,성남시,성남창업센터 정글ON,공공기관·협단체,031-782-3039,"IT융합, 바이오, 콘텐츠 등",13558,경기도 성남시 분당구 성남대로331번길 8 (정자동),19층/20층/21층
56,경기도,화성시,수원대학교 창업보육센터,대학,031-229-8483,4차산업혁명 및 첨단 기술 분야,18323,경기도 화성시 봉담읍 와우안길 17,수원대학교 첨단과학기술원 504호
57,경기도,수원시,수원시 시니어창업보육센터,정부·지자체,031-280-6362,시니어창업,16263,경기도 수원시 팔달구 향교로 160,(중동) 창업지원센터
58,경기도,화성시,수피야,민간기관,031-296-2030,"전기전자 제조, 스마트유통, 화장품, 헬스케어",18309,"경기도 화성시 효행구 봉담읍 상리중심상가길 28-9, 6층 601~605호",6층 601~605호
59,경기도,성남시,신구대학교 창업보육센터,대학,031-740-1267,"CT, BT, IT, ET",13174,경기도 성남시 중원구 광명로 377,(금광동)창업관 203호
60,경기도,수원시,아주대학교 창업보육센터,대학,031-219-2056,"반도체, 전자, 정보통신",16502,경기도 수원시 영통구 월드컵로 199,(원천동)캠퍼스플라자 810호 창업보육센터
61,경기도,안산시,안산대학교 창업보육센터,대학,031-400-7085,"전기,전자,정보통신기기 개발",15328,경기도 안산시 상록구 안산대학로 155,(일동)안산대학교 창업보육센터 102호
62,경기도,안양시,안양대학교 창업보육센터,대학,031-465-3006,ICT 융합,14001,"경기도 안양시 만안구 안양로 311, 프로젝트500타워(안양동)",롯데시네마안양일번가쇼핑몰 15층
63,경기도,안양시,안양창업보육센터,공공기관·협단체,031-8045-6713,"SW, 스마트 콘텐츠",14067,경기도 안양시 동안구 시민대로248번길 25 (관양동),2층 안양산업진흥원
64,경기도,양주시,양주시 스타트업 성장 지원센터,정부·지자체,070-8854-1602,"섬유, IT",11497,경기도 양주시 평화로 1215 (산북동),별관
65,경기도,여주시,여주대학교 창업보육센터,대학,031-880-5574,"전기·전자, 도자기(향토산업), 농업ICT(6차산업)",12652,경기도 여주시 세종로 338,여주대학교 여암학술관 4층 창업보육센터
66,경기도,안양시,연성대학교창업보육센터,대학,031-441-1474,전자전기통신,14011,경기도 안양시 만안구 양화로37번길 34,연성대학교 도의관 3~5층
67,경기도,오산시,오산대학교 창업보육센터,대학,031-370-2632,"IT,전기전자",18119,경기도 오산시 청학로 45 (청학동),창업보육센터
68,경기도,용인시,올콘텐츠 창업보육센터,민간기관,070-4150-3233,"스마트콘텐츠,사물지능 등",17033,경기도 용인시 처인구 모현읍 문현로 348,용인소상공인회관 308호
69,경기도,용인시,용인예술과학대학교 창업보육센터,대학,031-330-9181,기계금형사출전기전자기타,17145,경기도 용인시 처인구 동부로 61,(마평동)창의관303호
70,경기도,수원시,이노인큐 수원창업보육센터,민간기관,032-295-1125,"전기전자 제조, 스마트유통, 화장품, 헬스케어",16391,경기도 수원시 권선구 금곡로197번길 18-37 (금곡동),6층 601~605호
71,경기도,안성시,중앙대휴먼테크노 창업보육센터,대학,031-670-4762,생명자원분야,17546,경기도 안성시 대덕면 서동대로 4726,창업보육센터
72,경기도,안산시,중진공 안산 창업보육센터(Post-BI),공공기관·협단체,031-492-7854,"전자 및 무선통신, 반도체 관련산업",15432,경기도 안산시 단원구 연수원로 64,(원곡동) 중진공 안산 창업보육센터(Post-BI)
73,경기도,포천시,차의과학대학교 바이오스타트업 창업보육센터,대학,031-850-9345,"의약, 바이오, 식품, 건강",11160,"경기도 포천시 해룡로 120, 차의과학대학교 BI (동교동)",면학관 2층
74,경기도,안성시,한경국립대학교 창업보육센터,대학,031-670-5682,"환경, 바이오산업",17579,경기도 안성시 중앙로 327 (석정동),창업보육센터
75,경기도,시흥시,한국공학대학교 기술지주회사 창업보육센터,대학,031-8041-0893,"정밀/특소/요소기계, 전자/기계부품, 나노광학, 정밀화학, 환경기술",15073,경기도 시흥시 산기대학로 237 (정왕동),한국공학대학교 P동 303호
76,경기도,부천시,한국세라믹기술원 부천 창업보육센터,연구소,032-233-2103,"세라믹 소재, 부품, 반도체, 바이오, 정밀의료, 뷰티산업, 첨단신소재 등",14449,경기도 부천시 오정구 석천로 397 (삼정동),301동 303-19호
77,경기도,이천시,한국세라믹기술원(이천분원) 공예디자인 창업보육센터,연구소,031-645-1407,공예 디자인,17303,경기도 이천시 신둔면 경충대로 3321,경충로 30 한국세라믹기술원 이천분원 창업보육센터
78,경기도,용인시,한국외대 창업보육센터,대학,031-330-4621,"ICT헬스바이오환경, 글로벌 진출",17035,경기도 용인시 처인구 모현면 외대로 81,창업보육센터
79,경기도,고양시,한국항공대학교 창업보육센터,대학,02-300-0402,"항공우주및기계분야, 전자및정보통신분야",10540,경기도 고양시 덕양구 항공대학로 76 (화전동),창업보육센터
80,경기도,오산시,한신대학교 창업보육센터,대학,031-379-0242,"반도체, 제조, AI, IOT",18101,경기도 오산시 한신대길 137 (양산동),창업보육센터
81,경기도,안산시,한양대학교 에리카 창업보육센터,대학,031-400-4976,전자부품 제조업 등,15588,경기도 안산시 상록구 한양대학로 55,(사동)한양대에리카 창업보육센터 행정실 501호
82,경기도,화성시,협성대학교 창업보육센터,대학,031-299-1376,"ICT, 바이오",18330,경기도 화성시 봉담읍 최루백로 72,협성대학교 산학협력관
83,인천광역시,서해구,녹색창업센터,연구소,032-540-2112,녹색환경기술업체 보육,22689,인천광역시 서해구 정서진로 410 (경서동),창업·벤처 녹색융합클러스터 본부동 2층 녹색창업센터
84,인천광역시,남동구,미래혁신창업보육센터,민간기관,032-216-0091,"벤처, 소셜벤처, 해외수출지원 등",21673,인천광역시 남동구 앵고개로 928 (논현동),DA프라자 3층
85,인천광역시,연수구,인천대학교 송도 창업보육센터,대학,032-835-9669,"기계,전자부품,환경,정보통신",21999,인천광역시 연수구 갯벌로 12,"(송도동) 미추홀타워 별관 A동 4,5층"
86,인천광역시,미추홀구,인하대학교 창업보육센터,대학,032-860-9149,"신재생 에너지, 의료기기, IT융합",22212,인천광역시 미추홀구 인하로 100 (용현동),본관 001호
87,인천광역시,부평구,한국폴리텍2대학 창업보육센터,대학,032-510-2142,"기계, 제조업, 금형, 정보통신, 자동차",21417,인천광역시 부평구 무네미로448번길 56,한국폴리텍 대학 인천캠퍼스 산학협력관 3층 행정실
88,강원특별자치도,강릉시,(재)강릉과학산업진흥원 창업보육센터,공공기관·협단체,033-650-3361,"해양바이오 기능성 식품, 해양바이오 화장품, 해양바이오 의약품",25451,강원특별자치도 강릉시 사임당로 641-22 (대전동),창업보육센터
89,강원특별자치도,강릉시,가톨릭관동대학교 창업보육센터,대학,033-655-8842,"에너지, 해양바이오 및 IT",25451,강원특별자치도 강릉시 사임당로 641-28 (대전동),가톨릭관동대학교 알앤비파크 304호
90,강원특별자치도,강릉시,강릉창업보육센터,대학,033-640-2725,공예·디자인 및 해양바이오,25457,강원특별자치도 강릉시 죽헌길 7 (지변동),산합협력관 501호
91,강원특별자치도,춘천시,강원대학교 강원 창업보육센터,대학,033-250-8966,"기계.환경 및 IT, 바이오 및 농업",24341,강원특별자치도 춘천시 강원대학길 1 (효자동),보듬관 301호
92,강원특별자치도,강릉시,강원도립대학교 창업보육센터,대학,033-660-8093,"해양바이오, 환경에너지 및 지역전략산업",25425,강원특별자치도 강릉시 주문진읍 연주로 270,협력단 1층 행정실
93,강원특별자치도,동해시,동해시 창업보육센터,정부·지자체,033-539-8985,생활용품제조,25800,강원특별자치도 동해시 지양길 200 (지흥동),동해시창업보육센터 행정실 9309호
94,강원특별자치도,강릉시,리스트 강원산업기술연구소 창업보육센터,연구소,033-655-1744,"소재(금속,세라믹)/정보통신업/제조업",25452,강원특별자치도 강릉시 과학단지로 57-34 (대전동),창업보육센터
95,강원특별자치도,삼척시,삼척창업보육센터,대학,033-570-6254,방재산업 관광용품개발,25913,강원특별자치도 삼척시 중앙로 346 (교동),강원대학교 삼척창업보육센터 별관 행정실
96,강원특별자치도,원주시,상지대학교 창업보육센터,대학,033-730-0547,"바이오,로컬벤처,소셜벤처",26339,"강원특별자치도 원주시 상지대길 83, 벤처창업관 2층 행정실 (우산동)",벤처창업관 2층 행정실
97,강원특별자치도,원주시,연세미래창업보육센터,대학,033-760-2831,"BIO, 환경, 지식기반서비스",26493,강원특별자치도 원주시 흥업면 연세대길 1,창업보육센터
98,강원특별자치도,영월군,영월군 창업보육센터,정부·지자체,033-375-5520,"스마트제조, 농축산바이오",26240,강원특별자치도 영월군 영월읍 팔괴로 130-24,1층 창업보육센터
99,강원특별자치도,원주시,중진공 원주 포스트BI,공공기관·협단체,033-747-3894,"전기,전자,토목",26311,강원특별자치도 원주시 태장공단길 51 (태장동),원주창업보육센터 A-204 입주기업지원실
100,강원특별자치도,원주시,한라대학교 창업보육센터,대학,033-760-1400,녹색성장.자동차부품관련,26404,강원특별자치도 원주시 흥업면 한라대길 28,창업보육센터 2관 202호
101,강원특별자치도,춘천시,한림대학교 창업보육센터,대학,033-248-3055,생물산업분야 및 IT산업,24252,강원특별자치도 춘천시 한림대학길 1 (옥천동),창업보육센터
102,충청남도,논산시,건양대학교 창업보육센터,대학,041-730-5178,음식료품,32992,충청남도 논산시 대학로 121 (내동),창업보육센터
103,충청남도,공주시,공주대학교 창업보육센터,대학,041-850-8918,"문화컨텐츠, 바이오, 제조혁신소부장",32588,충청남도 공주시 공주대학로 56,(신관동)산학연구관 2층 214호
104,충청남도,천안시,남서울대학교 창업보육센터,대학,041-580-2421,디지털미디어,31020,충청남도 천안시 서북구 성환읍 대학로 91,창업보육센터
105,충청남도,천안시,단국대 생명공학창업보육센터,대학,041-550-1892,생명공학,31116,충청남도 천안시 동남구 단대로 119,(안서동) 단국대학교 생명공학창업보육센터
106,충청남도,천안시,백석대학교 창업보육센터,대학,041-550-9194,정보통신,31065,충청남도 천안시 동남구 문암로 76 백석대학교,창업보육센터
107,충청남도,천안시,백석문화대학교 창업보육센터,대학,041-622-9535,"디자인, ICT, 영상",31198,충청남도 천안시 동남구 청수14로 96 (청당동),백석문화센터 709호
108,충청남도,천안시,상명대학교 창업지원센터,대학,041-623-0365,"제조, 정보통신",31066,충청남도 천안시 동남구 상명대길 31,상명대학교 천안캠퍼스 산학렵력관 M310호 창업보육센터 (안서동)
109,충청남도,아산시,선문대학교 창업보육센터,대학,041-530-2838,전자부품제조,31460,충청남도 아산시 탕정면 선문로221번길 70,산학협력관 307A
110,충청남도,아산시,순천향대학교 창업보육센터,대학,041-530-1676,"Red Bio, Green Bio, Blue ICT",31538,충청남도 아산시 신창면 순천향로 22,공학관 9225
111,충청남도,당진시,신성대학교 창업보육센터,대학,041-350-1206,"제조, 에너지, 식품",31801,"충청남도 당진시 정미면 대학로 1,",산학협력관 창업보육센터
112,충청남도,금산군,중부창업보육센터,대학,041-750-6311,그린바이오,32713,충청남도 금산군 추부면 대학로 201,산학협력관
113,충청남도,홍성군,청운대학교 창업보육센터,대학,041-630-3183,지식서비스,32244,충청남도 홍성군 홍성읍 대학길 25,청운대학교 창업보육센터
114,충청남도,천안시,한국기술교육대 창업보육센터,대학,041-580-4808,반도체 및 기계분야,31253,충청남도 천안시 동남구 병천면 충절로 1600,한국기술교육대학교 산학협력관(203호) 창업보육센터
115,충청남도,태안군,한서대학교 항공해양 창업보육센터,대학,041-671-6053,"항공분야, 해양분야",32158,충청남도 태안군 남면 곰섬로 236-49,창업보육센터 2관
116,충청남도,아산시,호서대학교 벤처창업보육센터,대학,041-540-5365,반도체/디스플레이/나노/문화콘텐츠,31499,충청남도 아산시 배방읍 호서로79번길 20,벤처창업기업관 202호
117,대전광역시,유성구,대덕대학교 창업보육센터,대학,042-866-0423,여성창업 및 연구단지 시니어 퇴직자,34111,대전광역시 유성구 가정북로 68 (장동),창업보육센터
118,대전광역시,동구,대전대학교 창업보육센터,대학,042-280-4878,"한방바이오, IT",34520,대전광역시 동구 대학로 62,(용운동)산학협력관
119,대전광역시,서구,목원대학교 창업진흥센터,대학,042-829-7836,인터넷기반의 정보기술  디지털콘텐츠홈네트워크SW솔루션 개발운영공예디자인,35349,대전광역시 서구 도안북로 88,(도안동) 목원대학교  창업진흥센터 O1관 510호
120,대전광역시,유성구,배재대학교 창업보육센터,대학,042-520-5822,IT NT BT CT,34015,대전광역시 유성구 테크노1로 11-3 (관평동),(관평동)대덕산학협력관 DC301호
121,대전광역시,유성구,충남대학교 창업보육센터,대학,042-821-7181,첨단부품 및 신소재 분야,34134,대전광역시 유성구 대학로 99 (궁동),산학연교육연구관(W1) 910호
122,대전광역시,유성구,한국생명공학연구원 바이오벤처센터,연구소,042-860-4543,바이오산업,34141,대전 유성구 과학로 125 한국생명공학연구원,벤처동(3동)
123,대전광역시,유성구,한국전력벤처기업육성센터,연구소,042-865-5034,전력/ 에너지 분야,34056,대전광역시 유성구 문지로 105,(문지동) 한국전력벤처기업육성센터
124,대전광역시,유성구,한남대학교 창업보육센터,대학,042-629-8718,"바이오, 정밀화학소재",34054,대전광역시 유성구 유성대로 1646 (전민동),창업보육센터
125,대전광역시,유성구,한밭대학교 창업보육센터,대학,042-821-1698,"화학, 신소재",34158,대전광역시 유성구 동서대로 125,한밭대학교 창업보육센터(S5동 503호) (덕명동)
126,충청북도,충주시,건국대학교 글로컬캠퍼스 창업보육센터,대학,043-840-4753,"바이오, 헬스, 정보통신(BT, HT, ICT)",27478,충청북도 충주시 충원대로 268 (단월동),건국대학교 글로컬캠퍼스 창업보육센터 106호
127,충청북도,제천시,대원대학교 창업보육센터,대학,043-649-3545,"제조업 및 천연물, 한방 분야",27135,충청북도 제천시 대학로 316 (신월동),창업보육센터
128,충청북도,청주시,서원대학교 창업보육센터,대학,043-299-8685,"화장품, 바이오, 컴퓨터 정보통신, 디자인",28674,충청북도 청주시 서원구 무심서로 377-3 (모충동),혁신관 2층
129,충청북도,제천시,세명대학교 창업보육센터,대학,043-649-7188,"정보처리, 인터넷서비스, 한방바이오산업,친환경산업",27136,충청북도 제천시 세명로 65,창업보육센터 (신월동)
130,충청북도,청주시,세종창업혁신센터,대학,043-249-0121,"BT특화(신약개발, 메디바이오 신소재, 차세대 의료기기, 에코바이오, 건강기능성 식품)",28161,충청북도 청주시 흥덕구 오송읍 오송생명2로 125,고려대학교 의생명공학연구원(오송창업보육센터)
131,충청북도,영동군,유원대학교 창업보육센터,대학,043-740-1463,"생물분야, 신소재분야",29131,충청북도 영동군 영동읍 대학로 310,산학협력관 3층 309호
132,충청북도,괴산군,중원대학교 창업보육센터,대학,043-830-8443,농공상 융합산업,28024,충청북도 괴산군 괴산읍 문무로 85,중원대학교 산학협력단 DG 240호
133,충청북도,청주시,청주대학교 창업보육센터,대학,043-229-8965,IT 및 신기술,28497,충청북도 청주시 청원구 안덕벌로104번길 28,(내덕동)청주대학교 미래창조관 105호
134,충청북도,청주시,충북대학교 G-테크 벤처센터,정부·지자체,043-904-3607,"글로벌및그린창업분야 전기전자반도체,기술집약형산업(IT,BT,ET),충북전략산업관련",28420,충청북도 청주시 흥덕구 가로수로 1251,충북대학교G-테크벤처센터 107호 창업지원실
135,충청북도,청주시,충북대학교 창업보육센터,대학,043-261-3237,"IT,BT,ET,BIT,신기술",28644,충청북도 청주시 서원구 충대로 1 (개신동),학연산공동기술연구원 204호 창업보육센터
136,충청북도,옥천군,충북도립대학 창업보육센터,대학,043-220-5382,바이오 식품 특화,29046,충청북도 옥천군 옥천읍 대학길 15,창업보육센터
137,충청북도,청주시,충북보건과학대학교 창업보육센터,대학,043-210-8415,"전기전자, 바이오",28150,충청북도 청주시 청원구 내수읍 덕암길 10,충북보건과학대학교내 창업보육센터
138,충청북도,청주시,충청대학교 창업보육센터,대학,043-230-2566,식품·생명분야,28171,충청북도 청주시 흥덕구 강내면 월곡길 38,충청대학교 창업보육센터
139,충청북도,충주시,한국교통대학교 창업보육센터,대학,043-841-5602,"IT,BI,NT,ET 등 제조",27469,충청북도 충주시 대소원면 대학로 50,한국교통대학교 창업보육센터
140,세종특별자치시,조치원읍,세종창업키움센터,테크노파크·창조경제혁신센터,044-999-0172,"스마트시티, 스마트팜, 자율주행, 소셜벤처",30033,세종특별자치시 조치원읍 세종로 2296,세종창업키움센터
141,세종특별자치시,장군면,한국영상대학교 창업보육센터,대학,044-850-9222,"방송,영상콘텐츠제작,게임에니메이션,만화콘텐츠, IT",30056,세종특별자치시 장군면 대학길 300,한국영상대학교 진리관 창업보육센터
142,세종특별자치시,조치원읍,홍익대학교 벤처기업창업보육센터,대학,044-860-2802,"컴퓨터정보통신, 멀티미디어디자인",30016,세종특별자치시 조치원읍 세종로 2639,산학협력관 201호
143,부산광역시,수영구,CWI Center,민간기관,051-948-4800,"콘텐츠산업, 전자상거래",48283,"부산광역시 수영구 민락수변로17번길 35, 601호 (민락동)",창업보육센터
144,부산광역시,남구,경성대학교 창업보육센터,대학,051-663-5901,IT/친환경소재,48434,부산광역시 남구 수영로 309,산학협력관(10관) 401호 창업보육센터 행정실
145,부산광역시,남구,동명대학교 창업보육센터,대학,051-629-3745,"IT, 제조 기계자동화",48520,부산광역시 남구 신선로 428,(용당동) ICT 2관(13관) 창업보육센터 306호
146,부산광역시,사상구,동서대Dream.E.Valley,대학,051-320-2071,"IT, 디자인, 디지털콘텐츠, 영화영상",47011,부산광역시 사상구 주례로 47 (주례동),동서대학교 Dream E. Valley A201호
147,부산광역시,사하구,동아대학교 창업보육센터,대학,051-200-6595,"제조, 바이오, IT",49315,부산광역시 사하구 낙동대로550번길 37,동아대학교 산학연구관 301호 창업보육센터 (하단동)
148,부산광역시,부산진구,동의대학교 창업보육센터,대학,051-890-2104,"신소재, 메카트로닉스, 환경 및 IT분야",47340,부산광역시 부산진구 엄광로 176,동의대학교 산학협력관 109호
149,부산광역시,남구,부경대학교 창업보육센터,대학,051-629-5205,"기계/제조, 정보통신, 전기/전자, 부품, 소재, 수산 분야 등",48547,부산광역시 남구 신선로 365,산학협력관 창업보육센터 307호 (용당동)
150,부산광역시,금정구,부산가톨릭대학교 창업보육센터,대학,051-519-0320,"환경,제조,IT,의료보건",46265,부산광역시 금정구 기찰로102번길 56-7 (부곡동),부산가톨릭대학교 산학교정루카관 4층 409호
151,부산광역시,연제구,부산경상대학교 창업보육센터,대학,051-850-1053,"콘텐츠산업, 제조",47583,부산광역시 연제구 고분로 170 (연산동),진리관 6층 산학협력단
152,부산광역시,금정구,부산대학교 창업보육센터,대학,051-510-1357,기계/장비제조업자동차,46241,부산광역시 금정구 부산대학로63번길 2,(장전동)창업보육센터
153,부산광역시,북구,부산이노비즈센터,정부·지자체,051-361-9101,POST-BI,46570,부산광역시 북구 만덕3로16번길 1,(만덕동)101호
154,부산광역시,해운대구,영산대학교 지식창업보육센터,대학,051-540-7392,전자상거래 인터넷무역특허및신제품개발,48015,부산광역시 해운대구 반송순환로 142,"M동 9층 9901호실 지식창업보육센터 (반송동,영산대학교)"
155,부산광역시,강서구,중소조선연구원 창업보육센터,연구소,051-974-5503,해양레저산업,46757,부산광역시 강서구 녹산산단232로 38-6 (송정동),창업보육센터
156,부산광역시,부산진구,한국소재융합연구원 창업보육센터,연구소,051-605-3252,신발 및 피혁 부품소재분야,47154,부산광역시 부산진구 당감서로 152 (당감동),창업보육센터
157,부산광역시,북구,한국폴리텍Ⅶ대학 부산캠퍼스 창업보육센터,대학,051-330-7873,"기계,전기,전자,자동화,정보통신",46550,부산광역시 북구 만덕대로155번길 99,(덕천동) 산학협력처 6102호(도서관)
158,부산광역시,영도구,한국해양대학교 해양벤처진흥센터,대학,051-410-4717,"조선, 기자재 , 선박장비, 항만,물류, 해양수산",49112,부산광역시 영도구 태종로 727 (동삼동),창업보육센터
159,울산광역시,남구,울산 스타트업 허브,테크노파크·창조경제혁신센터,052-230-3400,"스마트 조선·해양, 미래모빌리",44677,울산광역시 남구 봉월로38번길 32 (신정동),"4층,5층,6층"
160,대구광역시,북구,경북대학교 창업보육센터,대학,053-950-6195,"전기, 전자, 바이오",41566,대구광역시 북구 대학로 80 (산격동),창업보육센터
161,대구광역시,남구,계명대학교 창업보육센터,대학,053-620-2035,"문화/콘텐츠, 디자인",42403,대구광역시 남구 명덕로 104,(대명동)동산관 145호
162,대구광역시,달서구,계명문화대학교 창업보육센터,대학,053-589-7558,문화예술디자인,42601,"대구광역시 달서구 달서대로 675, 계명문화창업보육센터 (신당동)",복지관 3층 7304호 행정실
163,대구광역시,달성군,국가물산업클러스터 창업보육센터,공공기관·협단체,053-601-6145,"물, 환경",43008,대구광역시 달성군 구지면 국가산단대로40길 20,국가물산업클러스터 워터캠퍼스 3층
164,대구광역시,달서구,대구경북중소기업청경북대학교중소기업성장지원센터,정부·지자체,053-626-6195,"IT,전자,기계",42818,"대구광역시 달서구 중흥로 20, 1층 기업지원실 (송현동)",1층 기업지원실
165,대구광역시,달서구,대구공업대학교 창업보육센터,대학,053-560-3765,"전기, 전자, 기계",42734,대구광역시 달서구 송현로 205,대구공업대학교 창업보육센터 403호
166,대구광역시,북구,대구보건대학교 창업성장지원센터,대학,053-320-1289,"보건의료, 헬스케어",41453,대구광역시 북구 영송로 15 (태전동),창업보육센터
167,대구광역시,동구,대구스케일업허브(DASH),정부·지자체,053-759-0920,기술창업,41260,대구광역시 동구 동대구로 465 (신천동),창업보육센터
168,대구광역시,수성구,수성대학교 창업보육센터,대학,053-749-7015,"ICT융복합, 제조분야",42078,대구광역시 수성구 달구벌대로528길 15 (만촌동),4층 산학협력단
169,대구광역시,남구,영남이공대학교 창업보육센터,대학,053-650-9479,수출/전기전자 / IT,42415,대구광역시 남구 현충로 170,영남이공대학교 창업보육센터 5층 (대명동)
170,대구광역시,달서구,중진공 대구 창업보육센터(Post-BI),공공기관·협단체,053-716-3353,신재생에너지 및 기계가공,42702,대구광역시 달서구 성서공단북로 235 (신당동),창업보육센터
171,경상북도,칠곡군,경북과학대학교 창업보육센터,대학,054-972-9730,"바이오식품, 기능성포장재, 기능성안료",39913,경상북도 칠곡군 기산면 지산로 634,산학협력관 101호
172,경상북도,상주시,경북대학교 상주캠퍼스 창업보육센터,대학,053-950-6198,지역특화,37224,"경상북도 상주시 경상대로 2559, 경북대학교 상주캠퍼스 산학종합지원센터 2층 (가장동)",2층
173,경상북도,영주시,경북전문대학교 창업보육센터,대학,054-630-5006,청년창업,36133,경상북도 영주시 대학로 77 (휴천동),영주148아트스퀘어 2층
174,경상북도,구미시,경운대학교 창업보육센터,대학,054-479-1146,"멀티미디어 컨텐츠 및 드론, 무인비행체 제작",39160,경상북도 구미시 산동면 강동로 730,창업보육센터
175,경상북도,경산시,경일대학교 창업보육센터,대학,053-600-4431,"융복합소재부품,  디지털케어, 미디어콘텐츠",38428,경상북도 경산시 하양읍 가마실길 50,"RnDB센터, 산학협력관"
176,경상북도,구미시,구미시 창업보육센터,정부·지자체,054-464-7001,AI 시스템 솔루션,39253,경상북도 구미시 구미대로 350-27 (신평동),창업보육센터
177,경상북도,예천군,국립경국대학교 예천창업보육센터,대학,054-650-0151,생물농업분야. 자동화분야,36830,경상북도 예천군 예천읍 도립대학길 114,국립경국대학교 예천창업보육센터
178,경상북도,안동시,국립경국대학교 창업보육센터,대학,054-820-7415,"식품, 바이오",36729,경상북도 안동시 경동로 1375 (송천동),안동대학교 창업지원센터
179,경상북도,구미시,국립금오공과대학교 창업보육센터,대학,054-478-6750,"그린에너지, 의료기기, 전기전자, 기계, 방산, 로봇, AI",39177,경상북도 구미시 대학로 61,(양호동) 벤처창업관 313호
180,경상북도,경산시,대경대학교 창업보육센터,대학,053-850-1171,CT(Culture Technology) 산업,38547,경상북도 경산시 자인면 단북1길 65,대경대학교 창업보육센터
181,경상북도,경산시,대구가톨릭대학교 창업보육센터,대학,053-850-3861,"농공상융합, 식품특성화, 바이오, 생명공학, 의료기기교육",38430,경상북도 경산시 하양읍 하양로 13-13,(금락리) 대구가톨릭대학교 창업보육센터
182,경상북도,영천시,대구대학교 창업보육센터,대학,053-850-5598,"정보통신,기계,바이오",38911,경상북도 영천시 금호읍 대구대길 333,창업보육센터2호관 1119호 행정실
183,경상북도,경산시,대구한의대학교 한방바이오창업보육센터,대학,053-819-1717,한방바이오산업,38578,경상북도 경산시 어봉지길 285-10,산학협력관 111호 창업보육센터
184,경상북도,경주시,동국대학교 벤처창업보육센터,대학,054-770-2853,"신성장동력(신재생에너지, IT융복합)",38066,경상북도 경주시 동대로 123 (석장동),동국대학교경주캠퍼스 산학협력단 벤처창업보육센터
185,경상북도,경산시,영남대학교 창업보육센터,대학,053-810-4738,전자부품소재,38541,경상북도 경산시 대학로 280 (대동),영남대학교 CRC센터 309호
186,경상북도,칠곡군,영진전문대학교 창업보육센터,대학,054-970-9522,기계/전자 제조,39866,경상북도 칠곡군 지천면 금송로 60,영진전문대학교 글로벌캠퍼스 토탈테크노관(2관) 4층
187,경상북도,경주시,위덕대 창업보육센터,대학,054-760-1072,IT업종 및 친환경 전기에너지 관련 기업보육,38004,경상북도 경주시 강동면 동해대로 261,산학협력단 (성취관109호)
188,경상북도,포항시,포항공과대학교 기술지주 창업보육센터,대학,054-289-3803,"바이오/의료, IT, 신소재",37673,경상북도 포항시 남구 청암로 87 (지곡동),포항공과대학교 창업보육센터 체인지업그라운드 616호
189,경상북도,포항시,포항대학교 창업보육센터,대학,054-245-1043,"정보통신, 전기제철,  철강, 기계시스템",37555,경상북도 포항시 북구 흥해읍 신덕로 60 (양덕동),경북 포항시 북구 흥해읍 신덕로 60 창업보육센터
190,경상북도,포항시,한동대학교 창업보육센터,대학,054-260-1443,"정보통신, 청년창업 분야, 바이오",37554,경상북도 포항시 북구 흥해읍 한동로 558,한동대학교 창업보육센터 행정실
191,경상남도,진주시,(재)진주바이오산업진흥원 창업보육센터,공공기관·협단체,055-762-9831,바이오분야,52839,경상남도 진주시 문산읍 월아산로 991,진주바이오산업진흥원 창업보육센터
192,경상남도,창원시,경남대학교 창업보육관,대학,055-249-2906,"화학, IT, 일반제조 등",51734,경상남도 창원시 마산합포구 3·15대로 298 (서성동),창업보육센터
193,경상남도,거창군,경남도립거창대학디자인창업보육센터,대학,055-254-2756,"항노화(농산물)분야, 드론분야",50147,경상남도 거창군 거창읍 거창대학로 72,창업보육센터
194,경상남도,진주시,경상국립대학교 창업보육센터,대학,055-772-2602,기계.장비제조,52828,경상남도 진주시 진주대로 501 (가좌동),창업보육센터
195,경상남도,진주시,경상국립대학교 칠암창업보육센터,대학,055-772-3535,생명공학 및 메카트로닉스 분야,52725,경상남도 진주시 동진로 33,산학협력관 창업보육센터 2층 204호 (칠암동)
196,경상남도,창원시,경상남도 창업보육센터,정부·지자체,055-291-9374,IT 및  S/W,51347,경상남도 창원시 마산회원구 봉암북7길 21 (봉암동),창업보육센터
197,경상남도,창원시,마산대학교 창업보육센터,대학,055-230-1255,"스마트제조, 바이오헬스, 웰니스",51217,경상남도 창원시 마산회원구 내서읍 함마대로 2640,창업보육센터
198,경상남도,밀양시,부산대학교 밀양캠퍼스 창업보육센터,대학,055-350-5238,기계장비  IT분야 바이오,50463,경상남도 밀양시 삼랑진읍 삼랑진로,1268-50
199,경상남도,양산시,부산대학교 양산캠퍼스 의생명 창업보육센터,대학,051-510-8522,"바이오, ICT, 나노융합",50612,경상남도 양산시 물금읍 부산대학로 49,부산대학교 양산캠퍼스 첨단의생명융합센터 204호
200,경상남도,진주시,세라믹스창업보육센터,연구소,055-792-2766,세라믹,52851,경상남도 진주시 소호로 109,(충무공동 15-3)
201,경상남도,양산시,영산대학교 그린창업보육센터,대학,055-380-9104,그린산업(친환경 수송기계부품 및 IT융복합),50510,경상남도 양산시 주남로 288 (주남동),창업보육센터
202,경상남도,김해시,인제대 김해창업보육센터,대학,055-320-3781,"기계, 바이오 산업",50834,경상남도 김해시 인제로 197,(어방동) 창조관 416호
203,경상남도,창원시,창신대학교 창업보육센터,대학,055-250-3076,"스마트융합(ICT, 항공·기계, 소방), 헬스케어",51352,경상남도 창원시 마산회원구 팔용로 262 (합성동),제3호관 5층 창업보육센터
204,경상남도,창원시,창원대학교 창업보육센터,대학,055-213-4181,메카트로닉스 관련 제조업,51140,경상남도 창원시 의창구 창원대학로 20,85호관 705호
205,경상남도,창원시,창원문성대학교 창업지원단 창업보육센터,대학,055-279-5047,기계(장비) 제조 및 IT(소프트웨어 개발),51410,경상남도 창원시 의창구 충혼로 91,벤처창업관 1층 창업보육센터
206,전남광주통합특별시,광양시,광양만권 소재부품 지식산업센터,정부·지자체,061-763-9742,"첨단소재부품 산업(이차전지, 철강 등)",57759,전남광주통합특별시 광양시 광양읍 익신산단3길 40,2층 운영사무실
207,전남광주통합특별시,광양시,광양보건대학교 창업보육센터,대학,061-760-1402,"환경, 화학, 금속, 디자인,IT",57764,전남광주통합특별시 광양시 광양읍 대학로 85,광양보건대학교 등용관 창업보육센터
208,전남광주통합특별시,북구,광주과학기술원 창업진흥센터,대학,062-715-6305,"AI, 드론, 4차산업, 에너지",61005,전남광주통합특별시 북구 첨단과기로 123  (오룡동),첨단과기로 123(오룡동) 광주과학기술원 기업지원센터
209,전남광주통합특별시,남구,광주대학교 창업보육센터,대학,062-670-2699,"소방공사,탈취기,대기환경정보표시장치,컴팩트인풋디바이스,통합유지보수솔루션,소프트웨어개발,공기청정기등",61743,전남광주통합특별시 남구 효덕로 277 (진월동),창업보육센터
210,전남광주통합특별시,광산구,광주드림파크,공공기관·협단체,062-952-2971,기계전기전자,62215,전남광주통합특별시 광산구 하남산단천변좌로 19 (오선동),창업보육센터
211,전남광주통합특별시,목포시,국립목포해양대학교 창업보육센터,대학,061-240-7135,해양기자재 제조업,58628,전남광주통합특별시 목포시 해양대학로 91,목포해양대학교 창업보육센터
212,전남광주통합특별시,장성군,나노융합의료부품소재 창업보육센터,공공기관·협단체,061-399-0506,"나노바이오초임계추출, 의료기기, 화장품",57248,전남광주통합특별시 장성군 남면 나노산단로 123,나노바이오연구센터
213,전남광주통합특별시,광산구,남부대학교 창업보육센터,대학,062-970-0086,부품소재,62271,전남광주통합특별시 광산구 남부대길 38,남부대 창업보육센터
214,전남광주통합특별시,북구,동강대학교 창업보육센터,대학,062-520-2581,"광산업,  IT산업, 녹색산업",61200,전남광주통합특별시 북구 동문대로 50 (두암동),동강대학교 산학협력관
215,전남광주통합특별시,나주시,동신대학교 창업보육센터,대학,061-330-2951,"에너지, 바이오, 서비스",58245,전남광주통합특별시 나주시 동신대길 34-15 (대호동),산학협력관 211호 창업보육센터
216,전남광주통합특별시,무안군,목포대학교 창업보육센터,대학,061-450-6259,"식품가공, 기계장비 제조업",58554,전남광주통합특별시 무안군 청계면 영산로 1666,목포대학교 창업보육센터 102호
217,전남광주통합특별시,목포시,목포수산식품지원센터 창업보육센터,공공기관·협단체,061-276-1670,수산 가공식품,58621,전남광주통합특별시 목포시 고하대로719번길 52,(연산동)연구동 1층 행정지원실
218,전남광주통합특별시,곡성군,바이오융합 창업보육센터,공공기관·협단체,061-363-8991,"곤충, 미생물, 농생명 관련 분야",57509,전남광주통합특별시 곡성군 입면 입면로 437,바이오융합 창업보육센터
219,전남광주통합특별시,남구,송원대학교 창업보육센터,대학,062-360-5586,"기계자동차, 에너지, 전기전자",61756,전남광주통합특별시 남구 송암로 73,청솔관 2층
220,전남광주통합특별시,순천시,순천대 창업보육센터,대학,061-750-3850,"시스템,소재",57922,전남광주통합특별시 순천시 중앙로 255 (석현동),순천대학교 국제문화컨벤션관 310호 창업보육센터
221,전남광주통합특별시,여수시,전남대학교 여수창업보육센터,대학,061-659-6977,바이오 환경 산업,59626,전남광주통합특별시 여수시 대학로 50,(둔덕동) 산학연구관 514호
222,전남광주통합특별시,북구,전남대학교 창업보육센터,대학,062-530-1970,바이오환경 신소재개발 IT분야,61186,전남광주통합특별시 북구  용봉로 77,지앤알허브 420호
223,전남광주통합특별시,담양군,전남도립대학교 창업보육센터,대학,061-380-8617,ICT융합 녹색산업,57337,전남광주통합특별시 담양군 담양읍 죽녹원로 152,전남도립대학교 창업보육센터
224,전남광주통합특별시,장흥군,전남바이오진흥원 그린바이오본부 천연센터 창업보육센터,공공기관·협단체,061-860-2641,"천연물 향장품, 건강기능식품 및 의약품 등",59315,전남광주통합특별시 장흥군 장흥읍 산단1로 50,천연자원연구센터 창업보육센터
225,전남광주통합특별시,동구,조선대학교 창업지원단,대학,062-230-7667,"바이오, 광산업, 첨단부품 소재, 전자부품 등",61452,전남광주통합특별시 동구 필문대로 309,(서석동)
226,전남광주통합특별시,무안군,초당대학교 창업보육센터,대학,061-450-1301,"농축바이오, 조리, 식품, 뷰티, 드론제작, 드론 운영",58530,전남광주통합특별시 무안군 무안읍 무안로 380,초당대학교 산학협력단
227,전남광주통합특별시,나주시,한국전력 창업보육센터,공공기관·협단체,061-345-7744,에너지신산업(기존 전력분야 포함),58324,전남광주통합특별시 나주시 그린로 370 (빛가람동),2층
228,전남광주통합특별시,광산구,호남대 창업보육센터,대학,062-940-5622,"AI산업, 미래자동차, 에너지신산업",62399,전남광주통합특별시 광산구 호남대길 47 (서봉동),호남대학교 창업보육센터(현명관 5호관 3층) 5313호 행정지원실
229,전북특별자치도,군산시,군산대학교 창업보육센터,대학,063-469-4890,"제조업, IT, 신재생에너지",54150,전북특별자치도 군산시 대학로 558 (미룡동),창업보육센터
230,전북특별자치도,남원시,남원시바이오산업연구원 창업보육센터,공공기관·협단체,063-633-8601,"첨단산업, 그린바이오",55801,"전북특별자치도 남원시 시묘길 43-21, D동 (노암동)",D동
231,전북특별자치도,전주시,바이오플렉스 창업보육센터,공공기관·협단체,063-210-6563,"바이오, 식품",54810,전북특별자치도 전주시 덕진구 원장동길 111-18 (장동),창업보육센터
232,전북특별자치도,전주시,에코인쇄전자 창업보육센터,연구소,063-219-0004,"유연인쇄전자. 디스플레이, 반도체, 자동차 전장, 신재쟁, IoT",54853,전북특별자치도 전주시 덕진구 반룡로 111 (팔복동2가),한국전자기술연구원 에코인쇄전자 창업보육센터
233,전북특별자치도,익산시,에코파이버 창업보육센터,연구소,063-830-3589,"섬유, 패션, 융복합소재",54588,전북특별자치도 익산시 서동로 594 (석암동),에코융합섬유연구원 에코파이버 창업보육센터
234,전북특별자치도,완주군,우석대학교 창업보육센터,대학,063-290-1285,"소프트웨어개발,디자인",55338,전북특별자치도 완주군 삼례읍 삼례로 443,우석대학교 본관 7층 716호 창업보육센터
235,전북특별자치도,익산시,원광대학교 IT·BT창업보육센터,대학,063-850-7454,Information Technology Biotech Technology,54538,전북특별자치도 익산시 익산대로 460 (신동),원광대학교 창업보육센터
236,전북특별자치도,익산시,익산창업보육센터,공공기관·협단체,063-841-7480,"홀로그램, 에너지, IT",54630,전북특별자치도 익산시 동서로 370 (영등동),익산종합비즈니스센터 6층
237,전북특별자치도,정읍시,전북과학대학교 창업보육센터,대학,063-530-9234,"메카트로닉스, 농생명, 문화관광, 정보통신",56204,전북특별자치도 정읍시 정읍사로 509 (시기동),창업보육센터
238,전북특별자치도,전주시,전북대 창업보육센터,대학,063-270-4256,"전기전자 메카트로닉스. 식품생물, 녹색 신성장동력",54896,전북특별자치도 전주시 덕진구 백제대로 567 (금암동),창업보육센터
239,전북특별자치도,전주시,전주대학교 창업보육센터,대학,063-220-2845,"IT, BT, CT",55069,전북특별자치도 전주시 완산구 천잠로 303 (효자동2가),벤처창업관
240,전북특별자치도,전주시,전주비전대학교 창업보육센터,대학,063-220-3738,"전기, 전자, 신재생에너지",55069,전북특별자치도 전주시 완산구 천잠로 235 (효자동2가),실습동 212호 전주비전대학교 창업보육센터
241,전북특별자치도,전주시,한국농수산대학교 창업보육센터,대학,063-238-9751,"농생명 ICT, 스마트팜, 농수산물 가공 및 연구개발, 관련분야 전후방산업",54874,전북특별자치도 전주시 덕진구 콩쥐팥쥐로 1515 (중동),한국농수산대학교 창업보육센터
242,전북특별자치도,군산시,호원대학교 창업보육센터,대학,063-450-7178,"IoT융합,부품,센서",54058,전북특별자치도 군산시 임피면 호원대3길 64,호원대학교 산학협력관 301호 창업보육센터
243,전북특별자치도,전주시,희망전북 POST-BI,정부·지자체,063-211-7600,"광, 기계, 전자",54882,전북특별자치도 전주시 덕진구 상리1길 34 (팔복동2가),창업보육센터
244,제주특별자치도,제주시,제주관광대학 창업보육센터,대학,064-740-8857,"청정헬스푸드형 식품기업및 향장품, 디자인,영상, 4차산업(IOT)",63063,제주특별자치도 제주시 애월읍 평화로 2715,창업보육센터
245,제주특별자치도,제주시,제주국제대학교 창업보육센터,대학,064-754-0269,"신항공산업, 지능형관관컨텐츠, 스마트그리드, 정보통신, 4차산업혁명기업",63309,제주특별자치도 제주시 516로 2870,(영평동)제주국제대학교
246,제주특별자치도,제주시,제주대학교 창업보육센터,대학,064-752-4413,바이오/환경,63169,제주특별자치도 제주시 중앙로14길 21,제주대학교 창업보육센터터 2층 행정실 (삼도이동)
247,제주특별자치도,제주시,제주한라대학교 창업보육센터,대학,064-741-7470,정보기술  및 생명공학,63092,제주특별자치도 제주시 한라대학로 38 (노형동),창업보육센터
